Authors,Author full names,Title,DOI,Link,Abstract,Inc/Exc?,Domain Penerapan,Model/Varian/Metode Copula,Model LSTM,Datasets,Tipe Integrasi,Tantangan/Research Gap,,,
Shi K.; Touge Y.; Dou Y.,"Shi, Ke (57411457000); Touge, Yoshiya (57200418706); Dou, Yanhong (57205225982)",Wildfire univariate and bivariate characteristics simulation based on multiple machine learning models and applicability analysis of wildfire models,10.1016/j.pdisas.2023.100301,https://www.scopus.com/pages/publications/85177579234?origin=resultslist,"Wildfires can significantly impact regional and global climate, human health, and ecosystems, making it necessary to model their behavior and predict their outcomes. With increasing global temperatures and changing precipitation patterns due to climate change, the frequency and intensity of wildfires are expected to increase, heightening the requirement for accurate wildfire simulation models to support wildfire management and mitigation efforts. However, the interactions between the causative variables of wildfires and the wildfire bivariate characteristics have not been explored in wildfire modeling. Therefore, the copula function was applied to solve the complicated and nonlinear relationship of the dependence structure in wildfire statistics and the relationship between wildfire causative variables. Subsequently, we modeled wildfire characteristics globally using six machine learning models and compared the performances of the models. Specifically, the main conclusions were obtained as follows: (1) among the six machine learning models, long short-term memory had the best applicability in simulating wildfire characteristics; (2) when there were 4 predictors, the accuracy of wildfire characteristic simulation reached the average level; and (3) long short-term memory achieved excellent model performance within 56% of the global climate sub-regions. Overall, this analysis provides a reference to better understand wildfire and contributes to wildfire management. © 2023 The Authors",Exclude,-,-,-,-,-,-,,Include,89
Iqbal A.; Siddiqi T.A.,"Iqbal, Asif (56992366700); Siddiqi, Tanveer Ahmed (36870752200)",Enhancing seasonal streamflow prediction using multistage hybrid stochastic data-driven deep learning methodology with deep feature selection,10.1007/s10651-024-00642-6,https://www.scopus.com/pages/publications/85218707869?origin=resultslist,"This study proposes a novel multistage hybrid stochastic data-driven deep learning (DL) methodology with deep feature selection (DFS) for enhancing long-term seasonal streamflow prediction. The multistage hybrid MCMC-BC-DFS-BiLSTM-BiGRU model integrates bidirectional long short-term memory (BiLSTM) and bidirectional gated recurrent unit (BiGRU) architectures with Markov Chain Monte Carlo (MCMC)-based bivariate copulas (BC) within the DFS framework. Firstly, a DFS strategy was developed using the Ant Colony Optimization (ACO) algorithm, autocorrelation function (ACF), partial autocorrelation function (PACF), and recursive feature elimination (RFE) method to determine optimized predictor variables (PV) from a pool of three predictor candidates, i.e., local meteorological variables, large-scale atmospheric indices, and solar activity indices. Subsequently, several diverse MCMC-BC models were employed using optimal PV obtained through the DFS framework (MCMC-BC-DFS) to evaluate the connection between the current seasonal streamflow and its potential future variations. Finally, the most suitable MCMC-BC-DFS model was incorporated into the hybrid BiLSTM-BiGRU model to predict spring (Sep–Nov) streamflow across nine catchments in the Victorian site of the Upper Murray Basin (UMB), Australia. The proposed multistage hybrid MCMC-BC-DFS-BiLSTM-BiGRU model was compared to several machine learning (ML) models (multilayer perceptron (MLP), extreme gradient boosting (XGBoost), support vector machine (SVM), and random forest (RF)) through different robust statistical metrics and graphical illustrations. According to experimental findings, the proposed model demonstrated excellent performance in long-term streamflow prediction at the seasonal timescale by outperforming its benchmark counterparts based on all statistical indicators. Consequently, as a pioneer study, the proposed multistage hybrid model can be effectively utilized as a highly promising tool for upstream seasonal predictions that could be helpful to policymakers for more informed environmental decision-making. © The Author(s), under exclusive licence to Springer Science+Business Media, LLC, part of Springer Nature 2025.",Include,Prediksi aliran sungai musiman jangka panjang,Bivariate Copulas (BC),BiLSTM;BiGRU,"Victorian site of the Upper Murray Basin (UMB), Australia",Kerangka kerja hybrid multi-tahap (Multistage hybrid framework),Hubungan kompleks variabel iklim pada prediksi jangka panjang musim aliran sungai,,Exclude,66
Hu K.; Fu Z.; Lang C.; Li W.; Tao Q.; Wang B.,"Hu, Keyong (57198404298); Fu, Zheyi (59238370200); Lang, Chunyuan (59238068100); Li, Wenjuan (56321292600); Tao, Qin (57201422051); Wang, Ben (59758524900)",Short-Term Photovoltaic Power Generation Prediction Based on Copula Function and CNN-CosAttention-Transformer,10.3390/su16145940,https://www.scopus.com/pages/publications/85199867695?origin=resultslist,"The intermittent nature of solar energy poses significant challenges to the integration of photovoltaic (PV) power generation into the electrical grid. Consequently, the precise forecasting of PV power output becomes essential for efficient real-time power system dispatch. To meet this demand, this paper proposes a deep learning model, the CA-Transformer, specifically designed for PV power output prediction. To overcome the shortcomings of traditional correlation coefficient methods in dealing with nonlinear relationships, this study utilizes the Copula function. This approach allows for a more flexible and accurate determination of correlations within time series data, enabling the selection of features that exhibit a high degree of correlation with PV power output. Given the unique data characteristics of PV power output, the proposed model employs a 1D-CNN model to identify local patterns and trends within the time series data. Simultaneously, it implements a cosine similarity attention mechanism to detect long-range dependencies within the time series. It then leverages a parallel structure of a 1D-CNN and a cosine similarity attention mechanism to capture patterns across varying time scales and integrate them. In order to show the effectiveness of the model proposed in this study, its prediction results were compared with those of other models (LSTM and Transformer). The experimental results demonstrate that our model outperforms in terms of PV power output prediction, thereby offering a robust tool for the intelligent management of PV power generation. © 2024 by the authors.",Exclude,-,-,-,-,-,-,,,
,,"7th EAI International Conference on Nature of Computation and Communication, ICTCC 2021",,https://www.scopus.com/pages/publications/85123283100?origin=resultslist,The proceedings contain 17 papers. The special focus in this conference is on Nature of Computation and Communication. The topics include: Nowcasting Vietnam’s RGDP Using a Kernel-Based Dimensional Reduction Method; Predicting Vietnamese Stock Market Using the Variants of LSTM Architecture; Dimensionality Reduction Performance of Sparse PCA Methods; a Game Theory Approach for Water Exchange in Eco-Industrial Parks: Part 1 - A Case Study Without Regeneration Units; a Game Theory Approach for Water Exchange in Eco-Industrial Parks: Part 2 - A Case Study with Regeneration Units; numerical Solution of Robin-Dirichlet Problem for a Nonlinear Wave Equation with Memory Term; stable Random Vector and Gaussian Copula for Stock Market Data; numerical Results via High-Order Iterative Scheme to a Nonlinear Wave Equation with Source Containing Two Unknown Boundary Values; improving Morphology and Recurrent Residual Refinement Network to Classify Hypertension in Retinal Vessel Image; the Impacts of the Contextual Substitutions in Vietnamese Micro-text Augmentation; patient Classification Based on Symptoms Using Machine Learning Algorithms Supporting Hospital Admission; implementation of the Motion Controller for an Omni Mobile Robot Using the Trajectory Linearization Control; adaptive Deep Learning Technique to Predict Student’s Graduation Results; an Approach for Multiple Choice Question Answering System; Forecast of the VN30 Index by Day Using a Variable Dimension Reduction Method Based on Kernel Tricks.,Exclude,-,-,-,-,-,-,,,
Qian C.; Li Y.; Zhu Y.; Yang D.; Ren Y.; Xia Q.; Wang Z.,"Qian, Cheng (57207024360); Li, Yuhang (60130451000); Zhu, Yao (60131221300); Yang, Dezhen (36442931900); Ren, Yi (35849311600); Xia, Quan (55927915300); Wang, Zili (8982392900)",Remaining useful life prediction considering correlated multi-parameter nonlinear degradation and small sample conditions,10.1016/j.cie.2025.111567,https://www.scopus.com/pages/publications/105018066216?origin=resultslist,"This study establishes a RUL prediction method based on an improved Wasserstein GAN, a nonlinear Wiener process, and a Copula function (IWNC) to address correlated multi-parameter nonlinear degradation with small samples. Initially, the proposed IWNC method develops a correlation-aware multi-sequence degradation data augmentation model using an improved Wasserstein Generative Adversarial Network (WGAN) that combines an LSTM-based generator and a 1D CNN-based discriminator. Time series consistency and multi-parameter correlation terms are incorporated into the generator's loss function to enhance the quality of the augmented degradation data. A nonlinear Wiener process model, integrated with a Copula-based correlation model, is then developed to construct a joint RUL prediction model. Experimental results demonstrated that the IWNC method effectively addresses the challenges of small sample sizes and correlated multi-parameter nonlinear degradation. The augmented data generated by the IWNC method significantly contributes to improving RUL prediction accuracy. Due to the IWNC method's ease of implementation and broad applicability, it holds considerable potential for widespread adoption across various domains, including digital twins. © 2025 Elsevier Ltd",Include,Prediksi sisa umur pakai (Digital Twins),Model korelasi berbasis Copula (Copula-based correlation model),LSTM;1D CNN;WGAN,Data simulasi degradasi multi-parameter,Pemodelan prediksi gabungan (Joint prediction model),Kondisi sampel kecil; Degradasi non-linear multi-parameter yang saling berkorelasi,,,
Huang Y.,"Huang, Yutong (60192173500)",NLP-Enhanced Detection of Wrong-Way Risk Contagion Patterns in Interbank Networks: A Deep Learning Approach,10.1145/3760023.3760058,https://www.scopus.com/pages/publications/105021575446?origin=resultslist,"This paper presents a novel framework for detecting wrong-way risk (WWR) contagion patterns in interbank networks using natural language processing (NLP) enhanced deep learning approaches. Traditional WWR detection methods rely primarily on historical correlation patterns and structured financial data, limiting their effectiveness during crisis periods when correlations deviate from historical norms. The proposed methodology integrates sentiment analysis from unstructured financial texts with dynamic network topology modeling and temporal pattern recognition through a hybrid Graph Neural Network-LSTM architecture. Experimental evaluation on data spanning 2010-2023 across 87 global systemically important financial institutions demonstrates significant performance improvements over traditional copula-based models. The framework achieves an AUC-ROC of 0.891 compared to 0.734 for conventional approaches, with average early warning lead times extended by 11.5 days. Multi-head attention mechanisms successfully identify critical contagion pathways during historical crisis events with 82% accuracy. The federated learning implementation enables collaborative model training while preserving institutional data confidentiality. Performance analysis across different market volatility scenarios validates the model’s robustness during stress periods when accurate risk assessment becomes simultaneously more valuable and challenging. The framework provides regulators and financial institutions with an explainable AI solution for enhancing systemic stability through early intervention at critical contagion chokepoints. © 2025 Copyright held by the owner/author(s)",Exclude,-,-,-,-,-,-,,,
Zhou Q.; Zhang J.; Lan T.; Chen Y.D.; Wei S.; Ren X.; Wang W.; Zheng C.; Wu R.,"Zhou, Quan (58480091200); Zhang, Jiajia (59418501600); Lan, Tian (57220645096); Chen, Yongqin David (56010514800); Wei, Siye (60286226900); Ren, Xiuwen (57349629300); Wang, Wenjing (60131405100); Zheng, Chunju (60131438200); Wu, Renren (40561953600)",A causality-informed and Copula-based framework for predictive assessment of downstream water-quality risks under extreme scenarios,10.1016/j.jhydrol.2026.135123,https://www.scopus.com/pages/publications/105034220026?origin=resultslist,"In view of heightened hydroclimatic extremes and increasing human activities, aquatic ecosystems have been increasingly exposed to extreme water quality and hydrometeorological disturbances, with downstream dissolved oxygen (DO) dynamics affected by multiple water quality and meteorological drivers. To evaluate these risks, a downstream water-quality risk assessment framework is established to quantify the probability of future hypoxic events and to examine the transmission pathways of multi-source stressors. A CA-LSTM water quality prediction model is developed, integrating features derived from causal discovery and time–frequency analysis into a gated-memory attention architecture, thereby enhancing interpretability and predictive performance of DO dynamics. Joint variations of water-quality and meteorological factors that exert the strongest influence on predicted downstream DO are incorporated into the analytical framework. Vine Copula structure is employed to characterize the dependency structure between selected indicators and predicted downstream DO, which allowed the quantification of tail risks under extreme conditions. Application to the Shatiansisheng Station demonstrated that the CA-LSTM model achieved DO forecasts with an RMSE of 0.52 mg/L and an R2 of 0.91, accurately reproducing both long-term patterns and short-term fluctuations. Single-factor analysis indicated that downstream water temperature (WT) exerted the strongest influence on downstream DO. Under combined extreme scenarios, when upstream DO fell below 5 mg/L and downstream WT exceeded the 90th percentile, the probability of downstream DO declining below the threshold within one day approached certainty. The proposed framework provides a quantitative basis for early warning of hypoxic events and offers methodological support for catchment-scale water-quality management. © 2026 Elsevier B.V. All rights are reserved, including those for text and data mining, AI training, and similar technologies.",Include,Penilaian risiko kualitas air bagian hilir sungai,Vine Copula,CA-LSTM,"Shatiansisheng Station, China",Kerangka analitik berbasis kausalitas (Causality-informed analytical framework),Penilaian probabilitas dinamika oksigen terlarut akibat skenario cuaca ekstrem kombinasi,,,
Zheng J.; Mu H.; Hu C.; Zhao R.; Zhang B.,"Zheng, Jianfei (54793815700); Mu, Hanxiao (57219114449); Hu, Changhua (8243337500); Zhao, Ruixing (57724043600); Zhang, Bowei (57544818900)",Remaining useful life prediction of degradation equipment considering multiple performance indexes correlation; [考虑多性能指标相关性的退化设备剩余寿命预测],10.11990/jheu.202109032,https://www.scopus.com/pages/publications/85131220307?origin=resultslist,"Aiming at a type of multivariate degradation equipment with high-dimensional monitoring data and the coupling relationship between performance indices, a remaining useful life prediction method of multivariate degradation equipment is proposed, considering the correlation of multiple performance indices. First, using information entropy and mutual information methods to select performance indices that are rich in information and can effectively characterize the change in the health state of the equipment. Then, the Copula function is used to describe the interdependence of multiple performance indices. Through stochastic simulation, health indices that consider the correlation of multiple performance indices are obtained. Finally, the health indices are inputted to the BiLSTM network that integrates the attention mechanism. The weights of hidden states at different times are adjusted by the attention mechanism to optimize the prediction network. The validity and practicability of the proposed method are verified by the aeroengine data set. © 2022, Editorial Department of Journal of HEU. All right reserved.",Include,Prediksi sisa umur pakai peralatan terdegradasi,Fungsi Copula (Copula function),BiLSTM;Attention,Aeroengine data set,Pipeline fitur terintegrasi (Feature indexing pipeline),Hubungan korelasi performa (coupling) pada data pemantauan mesin berdimensi tinggi,,,
Manjunatha B.; Paul R.K.,"Manjunatha, B. (57213649916); Paul, Ranjit Kumar (57190431258)",Vine copula-based optimal multivariate deep learning model with genetic algorithm optimization for time series forecasting,10.1080/00949655.2025.2610733,https://www.scopus.com/pages/publications/105026584453?origin=resultslist,"This study introduces a novel forecasting framework, a Vine Copula (VC)-based Multivariate Deep Learning (MDL) model optimized using a Genetic Algorithm (GA), referred to as the Optimal GA-MDL-VC model. The model leverages GA to fine-tune the hyperparameters of various MDL architectures, including Multivariate Long Short-Term Memory (MLSTM), Multivariate Gated Recurrent Unit (MGRU), and Multivariate Recurrent Neural Network (MRNN). The integration of Vine Copulas with these GA-MDL variants enables the model to effectively capture complex interdependencies among multiple time series, thereby enhancing forecasting accuracy. An empirical study using daily modal price data of soybean–a globally significant agricultural commodity–across 15 major Indian markets demonstrates the superior forecasting accuracy of the proposed Optimal GA-MDL-VC model. Performance was evaluated against GA-MDL and traditional Multivariate Generalized Autoregressive Conditional Heteroscedasticity (MGARCH) models using two data splits: 80:10:10 and 70:15:15 for training, validation, and testing. The Optimal GA-MDL-VC model consistently outperformed the other models. © 2026 Informa UK Limited, trading as Taylor & Francis Group.",Include,Peramalan deret waktu harga komoditas pertanian,Vine Copula (VC),MLSTM;MGRU;MRNN,"Data harga kedelai di 15 pasar utama, India",Integrasi pra-pemrosesan model hybrid (Hybrid deep learning integration),Menangkap interdependensi/korelasi yang sangat kompleks di antara banyak deret waktu,,,
Cui Z.; Guo S.; Zhou Y.; Wang J.,"Cui, Zhen (57360396300); Guo, Shenglian (57203905671); Zhou, Yanlai (55264526200); Wang, Jun (55938857100)",Exploration of dual-attention mechanism-based deep learning for multi-step-ahead flood probabilistic forecasting,10.1016/j.jhydrol.2023.129688,https://www.scopus.com/pages/publications/85159764735?origin=resultslist,"In order to improve the flood forecasting accuracy and reflect the forecast uncertainty information in the Three Gorges Reservoir (TGR) interval-basin in China, this study integrates the feature and temporal dual-attention (DA) mechanism and recursive encoder-decoder (RED) structure into the long short-term memory (LSTM) neural network to develop a DA-LSTM-RED model. The feature attention acts on the input variables of the encoder, and the temporal attention mechanism acts on the hidden layer states extracted by the LSTM neural network during encoding process, prompting the proposed model to extract critical input information among different types and moments of input variables to improve the multi-step-ahead flood forecasting accuracy. Second, the copula-based Hydrological Uncertainty Processor (copula-HUP) is used to quantify the forecast uncertainty of the proposed model meanwhile creating multi-step-ahead flood probabilistic forecasts. Combining the long-term 6 h hydrologic data series of the Xiangjiaba-TGR interval-basin and the forecasted precipitation from the European Centre for Medium-Range Weather Forecasts (ECMWF), the effectiveness of the proposed model, the effect of forecast precipitation on multi-step-ahead flood forecasting, and the effect of different copula functions on the probabilistic forecast of copula-HUP are investigated, respectively. The results show that the DA-LSTM-RED model can effectively improve the forecasting accuracy for long forecast horizons (3-7d) compared to the LSTM-RED model, and the average absolute error metrics are reduced by 10%-17%. Meanwhile, the proposed model can identify input variables with a high correlation with the target output variables, which improves the interpretability of deep learning to a certain extent. The Student copula-HUP has the lowest RB and CRPS metrics than the Frank and Gaussian copula-HUP, which can better quantify the DA-LSTM-RED model's forecast uncertainty. Therefore, combining the proposed model with the Student copula-HUP can effectively reduce the forecasting uncertainty, enhance the forecasting reliability and accuracy for future horizons, and provide reliable risk information for the TGR flood control scheduling decision. © 2023 Elsevier B.V.",Include,Peramalan probabilitas banjir berkelanjutan,Student Copula;Frank Copula;Gaussian Copula,DA-LSTM-RED,"Xiangjiaba-TGR interval-basin, China; ECMWF",Pemrosesan kuantifikasi ketidakpastian (Post-processing uncertainty processor / Copula-HUP),Akurasi prakiraan banjir horizon jangka panjang; Analisis informasi ketidakpastian peramalan,,,
Han J.; Singh V.P.; Kwon H.-H.; Kim T.-W.,"Han, Jeongwoo (57218365659); Singh, Vijay P. (57211219633); Kwon, Hyun-Han (13204608400); Kim, Tae-Woong (55696544800)",Forecasting compound drought-heatwaves using Burg entropy spectral analysis with multi-frequency resolutions,10.1016/j.jhydrol.2025.133166,https://www.scopus.com/pages/publications/105001397978?origin=resultslist,"Due to the significant impacts of compound drought and heatwave (CDHW) events, which are projected to increase in frequency under global warming, establishing a proactive management plan for CDHW events is highlighted in this study. However, studies on forecasting CDHWs have been limited, with most done on a monthly scale. Since heatwaves evolve at a short time scale of less than a week, monitoring and forecasting at sub-monthly scales can provide important information. Thus, this study developed a standardized compound drought-heatwave index (SCDHI) at a 7-day time scale (SCDHI-7D) for South Korea by coupling the standardized antecedent precipitation and evapotranspiration index (SAPEI) and the standardized temperature index (STI) using the copula method. The developed SCDHI-7D effectively monitored CDHW events that occurred in South Korea. To forecast SCDHI-7D, Burg entropy spectral analysis (BESA) with maximal overlap discrete wavelet transform (MODWT), referred to as BESA, was developed. BESA showed good forecasting accuracy, with a median Kling-Gupta efficiency (KGE) value greater than 0.79 up to a 24-day lead time. Besides, BESA forecasted CDHW events effectively, with a hit rate greater than 75 % and a false positive less than 11.52 % up to a 24-day lead time. BESA also maintained good forecasting accuracy for extended lead times longer than 3 weeks. Under the same training conditions, BESA outperformed the Long short-term memory (LSTM), Support Vector Regression (SVR), and XGBoost models that were considered benchmark models. This study could be useful for providing accurate early warning information to establish a proactive management plan for CDHW events. © 2025 Elsevier B.V.",Exclude,-,-,-,-,-,-,,,
Srikanth S.; Gurugopinath S.; Muhaidat S.,"Srikanth, Sahana (57527499800); Gurugopinath, Sanjeev (55005957900); Muhaidat, Sami (57210769204)",Copula-Driven Learning Techniques for Physical Layer Authentication Using Multimodal Data,10.1109/ACCESS.2025.3532996,https://www.scopus.com/pages/publications/85216194527?origin=resultslist,"In this paper, we present a study on copula-driven learning techniques for physical layer authentication (PLA) in wireless communication, using data from multiple modalities. The collective multimodal data is considered as an attribute vector, which is used as a test statistic for the underlying multi-level hypothesis testing problem of PLA. We consider regular-vine copula-based information fusion approaches across various combinations of these attributes resulting in different architectures, which are tested across different datasets. In particular, we consider three datasets which include a Monte Carlo simulations-based synthetic dataset, and publicly available automotive factory (AF) and open area test site (OATS) datasets from National institute of standards and technology (NIST). A comparative performance study of the proposed architectures across the datasets is carried out in terms of detection accuracy. For the classification task, we consider some of the well-known learning algorithms including long short-term memory (LSTM), random forest, K-nearest neighbor, support vector machine and bagging tree techniques. Moreover, we study the effect of correlation introduced across the attributes, and compare it with the case with no correlation among the attributes. Our extensive results provide intra-algorithm, intra-architecture and inter-architecture insights, and show that LSTM offers the best performance, across the datasets and proposed architectures. © 2025 The Authors.",Include,Autentikasi lapisan fisik jaringan komunikasi nirkabel,Regular-vine Copula,LSTM;Random Forest;KNN;SVM;Bagging Tree,Monte Carlo synthetic dataset; Automotive factory dataset; Open area test site dataset,Fusi informasi pada arsitektur pipeline klasifikasi (Information fusion pipeline),Kinerja autentikasi pada data dari berbagai modalitas dengan tingkat korelasi yang beragam,,,
,,"6th International Symposium on Integrated Uncertainty in Knowledge Modelling and Decision Making, IUKM 2018",,https://www.scopus.com/pages/publications/85044003295?origin=resultslist,"The proceedings contain 39 papers. The special focus in this conference is on Integrated Uncertainty in Knowledge Modelling and Decision Making. The topics include: Vector Representation of Abstract Program Tree for Assessing Algorithm Variety for the Same Purpose; comparing Sparse Autoencoders for Acquisition of More Robust Bases in Handwritten Characters; fMKL-DR: A Fast Multiple Kernel Learning Framework with Dimensionality Reduction; an Attention-Based Long-Short-Term-Memory Model for Paraphrase Generation; deep Neural Network-Based Models for Ranking Question - Answering Pairs in Community Question Answering Systems; a Hybrid Approach to Answer Selection in Question Answering Systems; sensory Quality Assessment of Food Using Active Learning; big Data Driven Architecture for Medical Knowledge Management Systems in Intracranial Hemorrhage Diagnosis; building Modelling Methodology Combined to Robust Identification for the Temperature Prediction of a Thermal Zone in a Multi-zone Building; linguistic Summarization Based on the Inherent Semantics of Linguistic Words; technology Adoption Optimization with Heterogeneous Agents and Carbon Emission Trading Mechanism; on a Generalized Method of Combining Predictive Distributions for Stock Market Index; quantum Econometrics: How to Explain Its Quantitative Successes and How the Resulting Formulas Are Related to Scale Invariance, Entropy, and Fuzziness; Pairs Trading via Nonlinear Autoregressive GARCH Models; A Regime Switching for Dynamic Conditional Correlation and GARCH: Application to Agricultural Commodity Prices and Market Risks; modeling Dependence with Copulas: Are Real Estates and Tourism Associated?; a Markov-Switching Model with Mixture Distribution Regimes; estimation of Volatility on the Small Sample with Generalized Maximum Entropy; estimating and Predicting Financial Series by Entropy-Based Inferential Model.",Exclude,-,-,-,-,-,-,,,
Toubeau J.-F.; Nguyen T.-H.; Khaloie H.; Wang Y.; Vallee F.,"Toubeau, Jean-Franeois (56296970000); Nguyen, Thuy-Hai (57317237800); Khaloie, Hooman (57204460641); Wang, Yi (57223032385); Vallee, Franeois (58775886500)",Forecast-Driven Stochastic Scheduling of a Virtual Power Plant in Energy and Reserve Markets,10.1109/JSYST.2021.3114445,https://www.scopus.com/pages/publications/85118258322?origin=resultslist,"Virtual power plants (VPPs) offer a cost-effective solution to incentivize coordination between different resources participating in joint energy and reserve markets. However, emerging technologies such as storage and demand response cannot deliver flexibility over long periods due to inherent energy limitations. In this article, we, therefore, inform the day-ahead scheduling of VPPs with forecast scenarios of the balancing stage, which are complemented with information on nonshiftable load, renewable generation, and electricity prices. These multivariate scenarios (incorporating both time and cross-variable dependencies) are obtained using a machine learning framework in which probabilistic forecasts are converted into time trajectories using a copula-based sampling. The model is enriched with a detailed representation of the intraday decision stage wherein all flexible resources are dynamically allocated over the daily horizon. To ensure the reliability of the solution, we take into full consideration the revenues and unit-specific costs related to the activation of reserves. Outcomes show that improving the representation of the intraday dispatch stage while relying on representative balancing uncertainties are two complementary components for increasing the quality of the VPP day-ahead strategy, which ultimately fosters its economic value. © 2007-2012 IEEE.",Exclude,-,-,-,-,-,-,,,
Li M.; Dai J.; Peng Y.; Peng X.; Fan T.,"Li, Mimi (57216154035); Dai, Juchuan (16021069200); Peng, Yuqiang (60557797400); Peng, Xiangtao (60557406000); Fan, Tianhui (55356262500)",Reconstructing coupled blade loads of large wind turbines using multi-source heterogeneous data,10.1016/j.oceaneng.2026.125312,https://www.scopus.com/pages/publications/105034739362?origin=resultslist,"AbstractDriven by multiphysics interactions and environmental uncertainties, wind turbine blade loads exhibit strong nonlinearity, nonstationarity, and coupling. However, most existing studies consider individual loads separately, and effective methods for characterizing the coupling among multiple loads are still lacking. To address this gap, this study proposes a coupled blade-load reconstruction method using multi-source heterogeneous data. The proposed method combines aerodynamic theory-based calculations and finite element analysis to identify the coupling characteristics of blade loads. Through Archimedean Copula-based coupling modeling and quantitative assessment, the method robustly identifies coupling relationships among multiple loads and reconstructs blade loads under limited-sample conditions, thereby reducing reliance on long-term field testing. A case study is conducted using load test and SCADA data from a wind farm in southern China. Four representative Archimedean Copula families (Clayton, Gumbel, Frank, and Joe) are employed for reconstruction and compared with a long short-term memory (LSTM) model. The results show that Archimedean Copulas effectively characterize the joint distribution of multiple loads, with the Gumbel copula providing the best fit. Compared with the LSTM-based approach, the copula-based reconstruction performs better in univariate Kolmogorov-Smirnov and multivariate nonparametric tests, while more accurately reproducing the coupled evolution of multiple loads. © 2026 Published by Elsevier Ltd.",Exclude,-,-,-,-,-,-,,,
Dong Y.; Yuan J.,"Dong, Yiyong (57220878834); Yuan, Jing (55709573300)",Projections of offshore wind energy and wave climate in Guangdong’s nearshore area using CMIP6 simulations,10.26599/JIC.2023.9180007,https://www.scopus.com/pages/publications/105029442122?origin=resultslist,"A good knowledge of future coastal wind and wave resources in the context of climate change is crucial for the construction of offshore wind farms. In this study, the dataset of the coupled model intercomparison project phase 6 (CMIP6) was used to evaluate the future wind resources and wave conditions in the nearshore area of Guangdong of China. The long short-term memory (LSTM) algorithm was used to develop a statistical downscaling method to render high spatial resolution data. The Copula function was used to construct the joint probability distribution function. The key findings were as follows. First, over the whole Guangdong coastal area, the projection of wind speed (Hs) shows a generally increasing trend, the wave height (Ws) remains almost unchanged, and the growth is particularly pronounced in the western area. Second, it is clear that the joint probability distribution is less spread in the late 21st century; therefore, the distribution of wind energy will also be more suitable for the optimal operating of wind turbines. Third, the joint probability distribution results show that large wind and wave conditions possibly occur at the same time, which must be considered when determining worst-case conditions. Future work is required to use more models and scenarios from the ongoing CMIP6. © The Author(s) 2023.",Include,Proyeksi sumber daya energi angin dan iklim gelombang lepas pantai,Fungsi Copula (Copula function),LSTM,"Dataset CMIP6; Area pesisir dekat pantai Guangdong, China",Pipeline probabilitas berurutan (Sequential probability modeling),Ketersediaan sebaran probabilitas untuk efisiensi operasional turbin; Dampak ancaman perubahan iklim,,,
Yazdandoost F.; Izanloo N.,"Yazdandoost, Farhad (20437155200); Izanloo, Neda (60382925400)",Dynamic assessment of compound flooding through a risk index approach,10.1007/s11069-025-07929-2,https://www.scopus.com/pages/publications/105029967109?origin=resultslist,"Assessing flood risk in estuarine and coastal zones is challenging when river discharge, tidal peaks, and weather-driven forces coincide. Traditional models–based on fixed dependency patterns or isolated extreme events–tend to overlook the rapidly evolving, non-linear interactions among these drivers over short time scales, leading to systematic underestimation of compound flooding severity. The Compound Dynamic Risk Index overcomes these limitations by integrating daily-resolution probabilistic dependence modeling (via copula-derived joint exceedance probabilities of river discharge and storm surge) with a curvature-based diagnostic that captures second-order temporal dynamics. Unlike conventional indicators activated only upon threshold exceedance, the curvature component enables early detection of shifts in hazard trajectory, providing an anticipatory signal of risk escalation before peak intensity is reached. CDRI values are classified into four categories: Low (CDRI), Medium (0.30–0.60), High (0.60–0.90), and Severe (CDRI). Consequently, the CDRI functions both as a descriptive index and an anticipatory indicator of emerging compound floods. Application to two hydroclimatically distinct regions–the Fraser River in British Columbia and the Potomac River in the eastern United States–demonstrated that curvature-driven transitions generally occurred ahead of subsequent increases in CDRI, indicating their role as an anticipatory precursor of compound-risk intensification. For predictive evaluation, daily CDRI time series were supplied to four supervised learning algorithms: Random Forest, XGBoost, LSTM, and Deep Echo State Network. Among these, the DeepESN achieved the highest classification accuracy: 88.95% in the Fraser River and 81.87% in the Potomac system. By focusing on curvature-driven escalation, daily-scale resolution, and predictive reliability, the index addresses critical gaps in early warning systems and supports more adaptive flood management under growing hydroclimatic uncertainty. © The Author(s), under exclusive licence to Springer Nature B.V. 2026.",Include,Penilaian risiko banjir gabungan (Compound flooding),Probabilitas lampauan gabungan turunan Copula (Copula-derived joint exceedance probabilities),LSTM;Random Forest;XGBoost;Deep Echo State Network,"Fraser River in British Columbia, Canada; Potomac River, United States",Copula-derived index sebagai fitur input algoritma (Index input integration),Interaksi non-linear parameter banjir yang bergeser cepat; Kurangnya sistem deteksi peringatan dini,,,
Hu Y.; Li Q.; Fang F.; Hao Y.,"Hu, Yang (55907420200); Li, Qian (60376451100); Fang, Fang (55624485445); Hao, Yuchen (58729624700)",Dynamic Interval Modeling of Ultra-short-term Output of Wind Farm Based on Finite Difference Operating Domains; [基于有限差分运行域的风电场全风况超短期出力动态区间建模],10.13335/j.1000-3673.pst.2021.1821,https://www.scopus.com/pages/publications/85128489873?origin=resultslist,"Wind power has the characteristics of large fluctuation and strong uncertainty. The time delay and time- space dispersion of the field level ultra short-term outputs on wind conditions and outputs of wind turbines have not been effectively solved. First, for periodic wind direction data, wind direction clustering is performed and wind direction sectors are divided. Secondly, a two-step correlation analysis method is proposed to determine the multivariate characteristic wind speed which is relatively independent and has a great influence on the field level outputs. Then the regression vector is defined based on the finite difference operating domain, and the long short-term memory neural network is used for ultra-short-term time series dynamic modeling. Combined with the non-parametric conditional kernel density estimation and the semi-parameter Copula method the interval model is constructed. Finally, the validity and reliability of the dynamic interval model is verified by a simulation example. This model is suitable for modeling the dynamic response characteristics of wind farms from minutes to seconds, which has guiding significance for the research of fast primary frequency regulation and reactive power voltage regulation of wind farms. © 2022, Power System Technology Press. All right reserved.",Include,Pemodelan interval dinamis keluaran turbin angin,Metode Copula semi-parameter (Semi-parameter Copula method),LSTM,Data kecepatan angin dan data arah angin sektor kluster,Pemodelan interval tergabung (Combined interval modeling),Sifat acak yang tinggi dari angin; Penundaan waktu dan dispersi ruang-waktu pengamatan,,,
,,"10th International Workshop of Advanced Manufacturing and Automation, IWAMA 2020",,https://www.scopus.com/pages/publications/85101805479?origin=resultslist,The proceedings contain 93 papers. The special focus in this conference is on Advanced Manufacturing and Automation. The topics include: Design of Elevator Type Three-Dimensional Garage; research on Elevator Fault Information Extraction and Prediction Diagnosis; static Performances of Misaligned Journal Bearing with Slip-Texture Surface; an Algorithm of 3D Surface Reconstruction of Human Body Based on Millimeter Wave Sensor; uniformity Analysis of Melt-Blown Flow Based on Simulated Annealing Algorithm Optimization; design and Simulation of Millimeter Wave Fresnel Antenna; reliability Assessment of Micro Grid Power Supply System Based on D-Vine Copula Model; High Redundancy Data Communication System Based on LwIP Protocol Stack; fault Diagnosis of Massage Chair Motor Based on Wavelet Packet Algorithm; study on the Cutting Simulation and Experiment of Titanium Alloy; management System of 3D Anthropometric Data Based on B/S Framework; Signal Detection and Noise Reduction Method of Massage Chair Based on EMD; study on Detection of Potato Starch Content by Optimum Hyperspectral Characteristic Wavelength Method; prediction of Torque Parameters in Automobile Rear Axle Assembly Based on Long Short-Term Memory; teaching Demonstration of Reducer Based on Augmented Reality Technology; Temporal and Multi-level Context Attentive GRU Neural Networks; medical Image Recognition Based on Improved Convolutional Neural Network; research on Server Fault Diagnosis Based on Expert System; research on Multi-modal Data Cross-Media Perception Fusion Algorithm Based on Digital Twin; digital Twin-Driven Surface Roughness Prediction Based on Multi-sensor Fusion; effect of Backlash on Transmission Error and Time Varying Mesh Stiffness; dynamic Visualization Fluid Analysis of Rolling Furnace Based on Augmented Reality.,Exclude,-,-,-,-,-,-,,,
Chen Y.; Fang R.,"Chen, Yongbin (60243538100); Fang, Rui (55779023900)",Multi-period pricing of data breach catastrophe bonds: A hybrid triggers and LSTM framework,10.1080/03610926.2025.2602740,https://www.scopus.com/pages/publications/105026865677?origin=resultslist,"Abstract.: This article further studies the problem of pricing data breaches employing catastrophe bonds. A multi-period pricing model incorporating a triggering mechanism that combines the monthly maximum breach size and the monthly number of data breach events is proposed. The copula method is used to model the complex interdependence between the monthly maximum of breach size and monthly number of data breach events. Furthermore, the Long Short-Term Memory model is used to capture the complex patterns behind financial market risks. A simulation study is carried out to illustrate the proposed pricing and cash-flowing mechanism. The study shows that when pricing a data breach catastrophe bond, the joint effect of the magnitude and frequency of the breach has a strong effect, and data-driven deep learning models have accurate performance. © 2026 Taylor & Francis Group, LLC.",Include,Penetapan harga obligasi kerugian atas bencana pelanggaran data,Metode Copula (Copula method),LSTM,Data simulasi risiko pasar keuangan,Kerangka penetapan harga terintegrasi hibrida (Hybrid pricing framework),Ketergantungan struktural kompleks pada ukuran insiden dan frekuensi pelanggaran data di pasar asuransi,,,
Zhang J.; Huang Z.; Wang H.; Li Z.; Wang W.; Liu Y.,"Zhang, Jinhua (56449980900); Huang, Zhenyang (60423376000); Wang, Haizheng (57223009972); Li, Zhongyang (60424006900); Wang, Weishu (60423846800); Liu, Yongqian (55928266200)",Joint probability aggregation for regional wind power forecasting via R-vine copula and Kolmogorov-Arnold networks,10.1016/j.rineng.2026.109822,https://www.scopus.com/pages/publications/105031457567?origin=resultslist,"Probabilistic forecasting for regional wind farm clusters faces significant challenges in capturing complex spatiotemporal dependencies and quantifying high-dimensional joint uncertainty. To address these issues, this paper proposes a novel hybrid framework that synergistically integrates Fuzzy C-means (FCM), Kolmogorov-Arnold Networks (KAN), and R-Vine Copula. Initially, FCM clustering is employed to identify soft spatial patterns, effectively addressing the limitations of traditional rigid clustering in capturing transitional spatial characteristics. Subsequently, KAN is introduced for conditional quantile regression, offering enhanced non-linear approximation capabilities compared to standard Multilayer Perceptron (MLP) to model adaptive marginal distributions. Furthermore, the framework utilizes R-Vine Copula to capture flexible hierarchical dependence structures, thereby overcoming the constraints of conventional multivariate copulas in handling asymmetric tail dependencies. By employing a joint probabilistic aggregation strategy, this approach significantly improves regional uncertainty quantification over direct aggregation. Evaluated on 21 wind farms in Southeastern Australia, the proposed framework demonstrates robust performance: the QR-KAN model reduces the Continuous Ranked Probability Score (CRPS) from 0.0864 (QR-LSTM) to 0.0788 (an 8.80% reduction) for single-site predictions, while the joint aggregation strategy with R-Vine Copula improves the Energy Score from 0.0852 (Direct Aggregation) to 0.0741 (a 13.02% improvement) for regional forecasts. The framework’s ability to faithfully capture spatiotemporal uncertainties directly supports power system scheduling and risk management. © 2026 The Authors.",Exclude,-,-,-,-,-,-,,,
Zhang X.; Ding Z.; Jiang X.; Xue S.; Sun Q.,"Zhang, Xiaoxuan (37006089400); Ding, Zeyu (57210514779); Jiang, Xiaoming (60510647300); Xue, Song (57207470048); Sun, Qingkai (57202732196)",Research on a Two-Stage Optimization Algorithm for the Operation and Control of Multiple Adjustable Load Resources for New Energy Consumption,10.1109/ICPEA67476.2025.11349170,https://www.scopus.com/pages/publications/105033234507?origin=resultslist,"To effectively mitigate the adverse effects of source-load uncertainties on the operation of modern power systems and facilitate the large - scale integration of renewable energy, a two - stage optimization operation model for integrated energy systems is developed. This model integrates the Copula theory, Long Short - Term Memory (LSTM) algorithm, Energy Transfer Potential (ETP) model, and a two - stage optimization algorithm within a unified framework to identify optimal operation strategies. The research findings are as follows: First, the model can accurately characterize the joint output probability distribution of wind and solar power. It enables the formulation of wind and solar power output strategies under low - risk default conditions, thereby enhancing the predictability and reliability of renewable energy generation. Second, the model optimizes the energy output structure on the supply side. By reducing the proportion of high - carbon - emission and low - efficiency energy sources, it promotes a more sustainable and environmentally friendly energy mix. Moreover, leveraging the rapid response capabilities of air - conditioning systems and energy storage components, the model effectively compensates for discrepancies in new energy output within the day - ahead operation strategy. As a result, it generates an optimal operation plan for integrated energy systems that achieves a balance among economic efficiency, low - carbon emissions, and operational safety. © 2025 IEEE.",Include,Operasi dan kontrol sistem energi terintegrasi,Teori Copula (Copula theory),LSTM,Data keluaran sistem tenaga angin dan surya harian,Kerangka algoritma terpadu teroptimasi dua tahap (Unified framework),Ketidakpastian pasokan pada saat mengintegrasikan sumber daya energi terbarukan dalam skala masif,,,
Kim J.-M.,"Kim, Jong-Min (55720212100)",A Copula-Driven CNN-LSTM Framework for Estimating Heterogeneous Treatment Effects in Multivariate Outcomes,10.3390/math13152384,https://www.scopus.com/pages/publications/105013345803?origin=resultslist,"Estimating heterogeneous treatment effects (HTEs) across multiple correlated outcomes poses significant challenges due to complex dependency structures and diverse data types. In this study, we propose a novel deep learning framework integrating empirical copula transformations with a CNN-LSTM (Convolutional Neural Networks and Long Short-Term Memory networks) architecture to capture nonlinear dependencies and temporal dynamics in multivariate treatment effect estimation. The empirical copula transformation, a rank-based nonparametric approach, preprocesses input covariates to better represent the underlying joint distributions before modeling. We compare this method with a baseline CNN-LSTM model lacking copula preprocessing and a nonparametric tree-based approach, the Causal Forest, grounded in generalized random forests for HTE estimation. Our framework accommodates continuous, count, and censored survival outcomes simultaneously through a multitask learning setup with customized loss functions, including Cox partial likelihood for survival data. We evaluate model performance under varying treatment perturbation rates via extensive simulation studies, demonstrating that the Empirical Copula CNN-LSTM achieves superior accuracy and robustness in average treatment effect (ATE) and conditional average treatment effect (CATE) estimation. These results highlight the potential of copula-based deep learning models for causal inference in complex multivariate settings, offering valuable insights for personalized treatment strategies. © 2025 by the author.",Include,Estimasi efek perlakuan kausal/heterogen (Medis/Causal Inference),Transformasi Copula empiris (Empirical Copula transformation),CNN-LSTM,Data studi simulasi untuk kelangsungan hidup multivariat,Pra-pemrosesan data ke dalam arsitektur pembelajaran (Integrated pre-processing into DL loss architecture),Ketergantungan struktur gabungan dengan keanekaragaman data multivariat untuk keputusan spesifik/personal,,,
Toubeau J.-F.; Bottieau J.; Vallee F.; De Greve Z.,"Toubeau, Jean-Francois (56296970000); Bottieau, Jeremie (57202953911); Vallee, Francois (58775886500); De Greve, Zacharie (35304648400)",Deep Learning-Based Multivariate Probabilistic Forecasting for Short-Term Scheduling in Power Markets,10.1109/TPWRS.2018.2870041,https://www.scopus.com/pages/publications/85053326382?origin=resultslist,"In the current competition framework governing the electricity sector, complex dependencies exist between electrical and market data, which complicates the decision-making procedure of energy actors. These must indeed operate within a complex, uncertain environment, and consequently need to rely on accurate multivariate, multi-step ahead probabilistic predictions. This paper aims to take advantage of recent breakthroughs in deep learning, while exploiting the structure of the problem to design prediction tools with tailored architectural alterations that improve their performance. The method can provide prediction intervals and densities, but is here extended with the objective to generate predictive scenarios. It is achieved by sampling the predicted multivariate distribution with a copula-based strategy so as to embody both temporal information and cross-variable dependencies. The effectiveness of the proposed methodology is emphasized and compared with several other architectures in terms of both statistical performance and impact on the quality of decisions optimized within a dedicated stochastic optimization tool of an electricity retailer participating in short-term electricity markets. © 1969-2012 IEEE.",Exclude,-,-,-,-,-,-,,,
Dong W.; Sun H.; Li Z.; Yang H.,"Dong, Weichao (57209076373); Sun, Hexu (7404827449); Li, Zheng (57188634344); Yang, Huifang (57218825570)",Design and optimal scheduling of a forecasting-based wind-and-photovoltaic complementary electrolytic hydrogen production system,10.1016/j.apenergy.2025.126060,https://www.scopus.com/pages/publications/105004556194?origin=resultslist,"Hydrogen can effectively address energy shortages while reducing environmental pollution. Herein, for the first time, a complete complementary wind and photovoltaic (PV) hydrogen production system is designed, including an efficient power generation system model, accurate forecasting model, excellent optimal scheduling strategy, and effective catalyst. The off-grid complementary power generation system was implemented on a DC bus. A hybrid forecasting model, including a long short-term network (LSTM), quantile regression (QR), and regular vine copula, is developed. LSTM combined with QR can obtain the margin probability density function (PDF). The dependency of wind and PV sources is established using a regular vine copula, and the margin PDF is combined with the dependency to forecast based on wind and PV sources. A multi-objective optimal scheduling strategy, based on a stacked multilevel denoising autoencoder (SMLDAE), non-dominated sorting genetic algorithm-II (NSGA-II), and deep reinforcement learning (DRL), is proposed. SMLDAE, NSGA-II, and DRL are used to develop a surrogate model, establish the Pareto frontier set, and select the optimal solution, respectively. A three-dimensional hexagonal Co-Mn-S/Ni bifunctional catalyst was synthesized to reduce the power consumption of hydrogen production. This is the first study to consider the dependencies of different energy sources, use DRL to determine an optimal solution, and synthesize cobalt‑manganese sulfide composites with high catalytic performance in green hydrogen production. A 100 MW complementary wind and PV hydrogen production project demonstrates the superiority of our system. The total renewable hydrogen production cost is reduced to approximately $3.1/kg, enabling low-cost, large-scale, and highly efficient renewable hydrogen production. © 2025 Elsevier Ltd",Include,Penjadwalan optimal produksi sistem hidrogen listrik dari panel hibrida,Regular Vine Copula,LSTM;Quantile Regression;SMLDAE;DRL,Proyek energi komplementer angin dan PV 100 MW,Model peramalan gabungan/hybrid (Hybrid forecasting model),Fluktuasi sumber yang tidak stabil; Tantangan untuk mengekstrak ketergantungan berbagai pola energi,,,
Chen B.; Huang W.,"Chen, Biyun (56261192300); Huang, Wei (57309389600)",Short-Term Load Forecasting Method Based on Copula Correlation Measurement Combined with Attention Mechanism,10.1109/CIEEC50170.2021.9510981,https://www.scopus.com/pages/publications/85114207292?origin=resultslist,"Accurate short-term load forecasting is of great significance to ensure the security and economic operation of power grid. Long and short term memory (LSTM) based predictive model in machine learning is a typical method for short-term load forecasting, but it is difficult to extract the weight of entering feature. This paper proposes a combined forecast model based on bidirectional LSTM (Bi-LSTM) based on attention mechanism. Firstly, the K-SVD algorithm is used to train the historical load data samples, and an over complete dictionary with the characteristics of data classification and sample sparsity is obtained. Then, the similarity matrix of sparse representation is used to cluster the load data. In the next step, the correlation analysis of Copula function is used to quantitatively calculate the correlation between weather, electricity price and load. Finally, Bi-LSTM-Attention is used to establish the prediction model. Taking the data set of a certain region in Australia as practical example, the prediction accuracy of the method reaches 95.84%. Comparing with support vector regression (SVR), back propagation (BP) and LSTM, the proposed method has higher prediction accuracy for short-term power load. © 2021 IEEE.",Include,Peramalan beban jaringan sistem tenaga listrik (Smart Grid),Fungsi korelasi Copula (Copula correlation function),Bi-LSTM;Attention,"Dataset riwayat kelistrikan beban wilayah, Australia",Ekstraksi korelasi sebagai pemrosesan awal model (Correlation-driven input pipeline),Mengekstraksi atau menentukan bobot fitur masukan dari parameter deret waktu yang sulit,,,
Wang Y.; Tang H.; Han T.; Li J.; Han K.; Ye Z.,"Wang, Yongzhen (59925122900); Tang, Hao (60379595600); Han, Te (57189497566); Li, Jiayu (57217248501); Han, Kai (36133084100); Ye, Zhaonian (57982479400)",A Scenario-adaptive Wind Speed Prediction Model Based on Fuzzy Clustering and Copula Functions; [基于模糊聚类与Copula的场景特征自适应风速预测模型],10.19705/j.cnki.issn2096-5125.20240452,https://www.scopus.com/pages/publications/105029777939?origin=resultslist,"Aiming at the problems of complex feature selection, low computational efficiency, and insufficient model generalization ability in multivariate wind speed forecasting, this paper proposes an adaptive wind speed forecasting model integrating scenario division and optimal Copula selection. A three-stage collaborative mechanism of “scenario clustering – dynamic variable selection – rolling forecasting” is constructed. First, the multidimensional meteorological data are divided into weather scenarios with similar characteristics using the fuzzy C-means clustering algorithm. Second, a multivariate correlation model is constructed using the Copula function, and the optimal Copula function is selected based on the Euclidean distance. Combined with the comprehensive correlation coefficient, scenario-adaptive dynamic variable selection is realized. Finally, a scenario-based LSTM forecasting model and a real-time data rolling update strategy are designed. The prediction accuracy is improved by dynamically matching the scenario characteristics with the forecasting model. Verification using publicly available weather data from a region in Europe shows that the proposed method outperforms single-scenario forecasting models in terms of wind speed forecasting accuracy. Specifically, the root mean square error is reduced by 3.6%, the normalized error is reduced by 5.2%, the mean absolute percentage error is reduced by 4.2%, and the coefficient of determination is increased by 4.5%. © 2026, Global Energy Interconnection Development and Cooperation Organization. All rights reserved.",Include,Kecepatan Angin / Energi Terbarukan,Copula,Scenario-based LSTM,Data cuaca publik di wilayah Eropa,"Pipeline/Sekuensial (Copula memilih variabel dinamis secara optimal, diteruskan ke LSTM)","Pemilihan fitur yang kompleks, efisiensi komputasi rendah, dan kurangnya kemampuan generalisasi.",,,
Wang L.; Shen H.; Deng L.; Liu X.; Deng W.,"Wang, Lingzi (58823027900); Shen, Haibo (58822196700); Deng, Liyuan (58822611000); Liu, Xianzhuo (60177725800); Deng, Weisi (55415641600)",Short-Term Wind and Photovoltaic Power Correlation Probability Interval Prediction Method Based on Similar Day Clustering and WOA-BiLSTM-Copula Algorithm; [基于相似日聚类与 WOA-BiLSTM-Copula 算法的短期风光功率相关性概率区间预测方法],10.13648/j.cnki.issn1674-0629.2025.08.005,https://www.scopus.com/pages/publications/105021273802?origin=resultslist,"Wind and photovoltaic power generation exhibit strong randomness and volatility. Improving the prediction accuracy is of great significance for constructing new power systems. Considering the certain correlation between wind and photovoltaic output in the same region, a short-term wind and photovoltaic power correlation probability interval prediction model based on similar day clustering and whale optimization algorithm-bidirectional long short-term memory neural network-Copula(WOA-BiLSTM-Copula) algorithm is proposed. Firstly, the K-means clustering algorithm is adopted to divide the numerical weather prediction(NWP)dataset, and wind and photovoltaic joint output typical similar day scenarios with correlation are extracted based on Kendall and Spearman cor⁃ relation coefficients. Secondly, the non-parametric kernel density estimation method is used to establish Copula model for similar day scenes, and the optimal Copula function types of wind and photovoltaic output are determined. Then, the WOA is trained to optimize the BiLSTM and perform point predictions on wind power and photovoltaic power. Finally, the Monte Carlo method is used to sample the optimal Copula function, and the correlation probability prediction interval is generated based on wind and photovoltaic point prediction values. The simulation results show that the proposed model can effectively extract the correlation characteristics of wind and photovoltaic output, and the accuracy is higher than the existing models, which verifies the effectiveness of the model. © 2025 Editorial Department of Southern Power System Technology. All rights reserved.",Include,Pembangkit Listrik Angin dan Surya,Copula (berbasis KDE),WOA-BiLSTM,Dataset Prediksi Cuaca Numerik (NWP),"Pipeline (BiLSTM melakukan prediksi titik awal, Copula membentuk interval probabilitas)",Tingginya volatilitas dan keacakan keluaran daya pada pembangkit listrik tenaga angin dan fotovoltaik.,,,
Liu Y.; Li Z.; Wei W.; Li Z.; Xu Y.; Zhang L.,"Liu, Yizhou (59692646400); Li, Zhenhua (57057138900); Wei, Wei (57912440800); Li, Zhenxing (35314365900); Xu, Yanchun (35294312800); Zhang, Lei (57221585420)",Short-term Charging Load Forecasting for Electric Vehicles Based on Combined LSTM-GNN Model; [基于 LSTM-GNN 组合模型的电动汽车短期充电负荷预测],10.13234/j.issn.2095-2805.2025.8.145,https://www.scopus.com/pages/publications/105030064942?origin=resultslist,"In the context of new energy era, aimed at the hot issue of the impact of electric vehicle charging loads on power grid, a short-term charging load forecasting method for electric vehicles based on a combined long short-term memory network and graph neural network (LSTM-GNN) model is proposed to address the shortcomings of existing models. First, three typical daily loads are correlated using the Copula theory, a feature input matrix containing the main factors and historical loads of charging stations is constructed, and a sliding window data set is established. Second, LSTM and GNN are used for feature extraction and graph data construction of the feature input matrix, and the GNN layer completes the feature aggregation and outputs the predicted load value and error evaluation indexes. The results of an example show that the proposed model can effectively extract the key features of charging load at charging stations in different regions, and it has better forecasting performance and generalization capability than traditional models. © 2025 Editorial Department of Journal of Power Supply. All rights reserved.",Include,Beban Jaringan / Kendaraan Listrik,Copula,LSTM,Data sliding window fitur utama dan riwayat beban stasiun pengisian,Pipeline (Copula mengkorelasikan berbagai beban harian menjadi input yang diekstraksi LSTM),Kekurangan pada model yang ada dalam mengantisipasi lonjakan dan dampak beban pengisian listrik pada jaringan.,,,
Kim J.-M.,"Kim, Jong-Min (55720212100)","Distributional CNN-LSTM, KDE, and Copula Approaches for Multimodal Multivariate Data: Assessing Conditional Treatment Effects",10.3390/analytics4040029,https://www.scopus.com/pages/publications/105026078829?origin=resultslist,"We introduce a distributional CNN-LSTM framework for probabilistic multivariate modeling and heterogeneous treatment effect (HTE) estimation. The model jointly captures complex dependencies among multiple outcomes and enables precise estimation of individual-level conditional average treatment effects (CATEs). In simulation studies with multivariate Gaussian mixtures, the CNN-LSTM demonstrates robust density estimation and strong CATE recovery, particularly as mixture complexity increases, while classical methods such as Kernel Density Estimation (KDE) and Gaussian Copulas may achieve higher log-likelihood or coverage in simpler scenarios. On real-world datasets, including Iris and Criteo Uplift, the CNN-LSTM achieves the lowest CATE RMSE, confirming its practical utility for individualized prediction, although KDE and Gaussian Copula approaches may perform better on global likelihood or coverage metrics. These results indicate that the CNN-LSTM can be trained efficiently on moderate-sized datasets while maintaining stable predictive performance. Overall, the framework is particularly valuable in applications requiring accurate individual-level effect estimation and handling of multimodal heterogeneity—such as personalized medicine, economic policy evaluation, and environmental risk assessment—with its primary strength being superior CATE recovery under complex outcome distributions, even when likelihood-based metrics favor simpler baselines. © 2025 by the author.",Exclude,Medis / Kebijakan Ekonomi,Gaussian Copula,CNN-LSTM,Dataset Iris dan Criteo Uplift,Tidak Terintegrasi (Copula murni digunakan sebagai model klasik independen untuk perbandingan),Tidak Berlaku,,,
Yang X.; Chen B.; Zhu L.; Fang C.,"Yang, Xiu (55164920400); Chen, Binchao (57204421754); Zhu, Lan (51563041900); Fang, Chen (55668179800)",Short-term Public Building Load Probability Density Prediction Based on Correlation Analysis and Long-and Short-term Memory Network Quantile Regression; [基于相关性分析和长短期记忆网络分位数回归的短期公共楼宇负荷概率密度预测],10.13335/j.1000-3673.pst.2018.2878,https://www.scopus.com/pages/publications/85072990668?origin=resultslist,"Public buildings are an important part of the demand response of smart grid electricity. In the environment of strong uncertainty, in order to improve the accuracy of short-term load forecasting of public buildings, and to better reflect the uncertainty of load, a new method of short-term public building load probability density prediction is proposed. The method is based on multidimensional scale analysis technology (MDS), Copula function correlation measurement, quantile regression long short-term memory (QRLSTM) and kernel density estimation (KDE). Firstly, the MDS technology is used to initially divide the buildings into groups, and then Copula function correlation measurement method is used to quantitatively calculate the correlation between influencing factors (weather, building occupancy and space available information) and building load changes. Secondly, the QRLSTM regression model is used to predict load values for different future quantiles. Finally, the probability density function of the predicted points at each moment is obtained by kernel density estimation. Experimental results show that considering the strong correlation influencing factors and combining QRLSTM regression and KDE technology, it can better solve the problem of short-term public building load probability density prediction. © 2019, Power System Technology Press. All right reserved.",Include,Beban Gedung / Smart Grid,Copula,QRLSTM (Quantile regression LSTM),"Cuaca, okupansi bangunan, dan ketersediaan ruang",Pipeline (Copula mengukur korelasi faktor sebelum prediksi deret waktu dengan QRLSTM),Kebutuhan mengatasi ketidakpastian tinggi guna mendapatkan prediksi beban kepadatan probabilitas jangka pendek yang akurat.,,,
Liu Q.; Yahyapour R.,"Liu, Qingyang (59158265800); Yahyapour, Ramin (15066204200)",Nonlinear parsimonious modeling based on Copula–LoGo,10.1016/j.eswa.2024.124774,https://www.scopus.com/pages/publications/85199141647?origin=resultslist,"Herein, we presented a novel methodology for constructing nonlinear parsimonious probabilistic models (Copula–LoGo). Our approach combines Gaussian–Copula with linear LoGo probabilistic models to obtain a nonlinear coefficient matrix, which cannot be accurately estimated using Pearson's correlation coefficients or kernel tricks. Using the Gaussian–Copula obtained from a multivariate normal distribution through the probability integral transform, we applied the triangulated maximally filtered graph algorithm to construct decomposable information filtering networks. By analyzing the topological structure of the networks, we discerned the dependence characteristics for each variable in the regression model. Subsequently, by integrating the Gaussian Markov random field, we computed the estimate of the global sparse inverse covariance J from subparts of the dependence network and constructed the nonlinear, parsimonious model. Thus, our methodology exhibits computational efficiency and statistical robustness, outperforming other regression methods such as Support Vector Machine, Long Short-Term Memory, Principal Components Analysis, and XGBoost models, particularly in the financial domain, as evidenced by improved performance metrics including mean absolute error, root mean square error, and R2 score (prediction accuracy) and reduced execution time. © 2024 The Author(s)",Exclude,Keuangan,Gaussian-Copula,LSTM,Tidak disebutkan,Tidak Terintegrasi (LSTM sebatas digunakan sebagai pembanding kompetitor akurasi),Tidak Berlaku,,,
Liu Q.; Liu H.; Zhang Y.; Cai J.,"Liu, Qingyang (59158265800); Liu, Hongjiu (16402286100); Zhang, Ying (59806904600); Cai, Jijing (58930537300)",Nonlinear Parsimonious Models for IoT Consumer Electronics: Leveraging Normal Distribution Transformations in Information Filtering Networks,10.1109/TCE.2025.3602881,https://www.scopus.com/pages/publications/105014402184?origin=resultslist,"In this paper, we evaluated various normal distribution transformation methods for converting non-normally distributed data into a normal distribution. These transformations facilitate the computation of the correlation matrix by ensuring linear relationships between variables and observations. We integrated these methods with the Triangulated Maximally Filtered Graph (TMFG) network and Gaussian Markov Random Field (GMRF) to construct nonlinear parsimonious probabilistic models. By leveraging the dependence characteristics of each variable derived from the TMFG network’s topological structure, GMRF can estimate the global sparse inverse covariance matrix J from subparts of the dependence network, resulting in computationally efficient and statistically robust models. We explored several common transformation methods, including high-order polynomial fitting, exponential family transformation, Gaussian mixture models, Gaussian Copula, and others. Through extensive testing of over a dozen methods, we identified the most effective for fitting nonlinear parsimonious models. Our results indicate that half of the tested methods exhibit very low or even negative accuracy in regression models using stock price data. In contrast, several methods—such as Box-Cox, Rank, and Polynomial—achieved accuracies above 90%, with the Polynomial transformation reaching the highest at 98.69%, albeit with the longest execution time of 679.1 ms. Notably, the Gaussian Copula method demonstrates the best trade-off between accuracy and efficiency, attaining an accuracy of 98.67% with an execution time of only 352.7 ms. Compared with traditional models such as LSTM (accuracy 91.12%, time 1578.3 ms) and SVR (89.87%, 964.6 ms), our proposed framework significantly improves both prediction quality and speed. These findings highlight the benefits of integrating normal distribution transformations with parsimonious modeling, especially for nonlinear and high dimensional data. This method provides a practical and scalable solution for the real-world applications such as IoT sensor prediction and financial forecasting. © 1975-2011 IEEE.",Exclude,Keuangan / Sensor IoT,Gaussian Copula,LSTM,Harga saham dan sensor IoT,Tidak Terintegrasi (LSTM menjadi metrik tradisional baseline perbandingan),Tidak Berlaku,,,
Xu Z.; Guo Y.; Wang P.; Tian X.; Du Y.; Ouyang Y.; Xu H.; Jia J.; Xu W.; Liu Y.,"Xu, Zhuofan (58671308900); Guo, Yufeng (57184552300); Wang, Pu (57277110000); Tian, Xueqin (57209244425); Du, Yilin (58314541700); Ouyang, Yihang (59536789600); Xu, Haixiang (55982421400); Jia, Jianxiong (58288587000); Xu, Wei (59150200300); Liu, Yifei (58670744900)",Short-Term Price Forecasting Based on Feature Selection and Bidirectional LSTM,10.1109/EEPS63402.2024.10804367,https://www.scopus.com/pages/publications/85216573967?origin=resultslist,"In the transformation of electricity market liberalization, the price sequence has gradually become a time series with high volatility and complexity. Relying solely on past experience to select feature sets is no longer suitable for the rapid fluctuations and complexities of electricity prices in different electricity markets, making it difficult to achieve ideal prediction accuracy. In order to enhance the accuracy of electricity price prediction, this paper proposes a method for electricity price prediction based on feature engineering and long short-term memory neural networks. Firstly, Copula entropy is used to simplify the calculation of information entropy. By maximizing the correlation and minimizing redundancy in the feature set, features with strong correlation to electricity prices are extracted. Then, a prediction model is constructed using Bi-LSTM to learn the long-term dependencies in the electricity price sequence information and obtain the predicted electricity price results. The proposed algorithm performs well in terms of prediction accuracy on the electricity price dataset in the PJM market. CBFS also outperforms other methods in terms of noise tolerance. © 2024 IEEE.",Include,Pasar Harga Listrik,Copula (Copula Entropy),Bi-LSTM,Dataset harga listrik di pasar PJM,Pipeline (Copula mengekstraksi entropi korelasi fitur listrik yang diproses pembelajarannya oleh Bi-LSTM),Fluktuasi tinggi dan tren kompleks pada deret harga listrik era liberalisasi pasar energi.,,,
Ting W.; Zhijie P.; Yanting Z.,"Ting, Wang (59984038000); Zhijie, Pan (24398014300); Yanting, Zheng (56130700800)",Prediction and Analysis of Large-Scale Stock Market Risk Correlation Structure,10.1109/HPSC66065.2025.00013,https://www.scopus.com/pages/publications/105010221836?origin=resultslist,"The prediction of the high-dimensional dependence structure among global stock markets is an advanced topic in financial risk management. However, the complex structure characterized by high dimensionality, nonlinearity, and asymmetry, presents significant challenges for conventional financial models (e.g. Autoregressive Moving Average Model) to systematically and efficiently predict and analyze large-scale cross-market correlation structures. The original program for preprocessing the correlation structure decomposition across 36 countries was optimized, enabling it to scale up to hundreds of threads in parallel. It achieved an acceleration of over 25.88 times on 30 threads compared to the original program. The advancement of deep learning technology has provided a solution to this issue. By constructing models such as Recurrent Neural Networks (RNN), Long Short-Term Memory Networks (LSTM), and Gated Recurrent Unit Networks (GRU), along with Average Weighted Ensemble Algorithm(AWEA), Encoder-Decoder Algorithm with Attention(EDAA), and Random Forest Ensemble Algorithm(RFEA), we can achieve financial time series forecasting based on a Patched Bivariate Fréchet Copula model for dependence structures. This provides a rapid decision-making basis for preventing significant financial risks. The experimental results show that the RFEA model outperforms the other two ensemble neural network algorithms in predicting correlation structures. And also the RFEA model showed lower error (e.g., the MSE of global alpha is about 89% of the other two algorithms) and better fit (global alpha and gamma fit to 99.5% and 98.7%, respectively). It demonstrates good predictive performance and high operational efficiency, with certain application value for analyzing the correlation structure of the stock market. © 2025 IEEE.",Include,Pasar Saham / Manajemen Risiko,Patched Bivariate Fréchet Copula,RNN;LSTM;GRU,Struktur pasar skala besar lintas 36 negara,Hybrid/Terintegrasi (Struktur prediksi time series deret finansial dibangun langsung bersandar pada Copula),Menganalisis dan memprediksi struktur korelasi pasar modal global berskala asimetris dan dimensi tinggi.,,,
Pei Y.; Zhao J.; Chen Y.; Li J.; Chen Q.; Liu Z.; Li X.; Zhai Y.; Tang Q.,"Pei, Yunjiao (59936967700); Zhao, Jun (57196193487); Chen, Yankai (60546132000); Li, Jianfeng (59938046600); Chen, Qiaoting (60546784000); Liu, Zichen (60547267500); Li, Xiyan (60546621100); Zhai, Yifan (60547108100); Tang, Qi (60546462600)",Dynamic Pricing of Multi-Peril Agricultural Insurance via Backward Stochastic Differential Equations with Copula Dependence and Reinforcement Learning,10.3390/math14061043,https://www.scopus.com/pages/publications/105034402744?origin=resultslist,"Pricing multi-peril agricultural insurance under compound climate hazards demands a framework that captures stochastic dependence among heterogeneous perils, accommodates non-stationary loss dynamics, and supports adaptive policy optimisation. We demonstrate that backward stochastic differential equations, combined with copula dependence, recurrent neural networks, and reinforcement learning, provide a unifying language for this task; the contribution lies in their principled integration. The dynamic premium is the unique adapted solution of a BSDE whose driver encodes compound-risk dependence through a Student-t copula, forward loss dynamics through a jump-diffusion process, and a green-finance adjustment through an optimal control variable. Within this framework we derive three progressive results by adapting standard BSDE theory to the compound-dependence and policy-control setting. First, existence and uniqueness hold under Lipschitz and square-integrability conditions. Second, a comparison theorem guarantees that a larger correlation matrix yields higher premiums; the degrees-of-freedom effect enters separately through the risk-loading magnitude. Third, the Euler discretisation converges at a rate of one half of the time-step size, with copula estimation, LSTM conditional expectation approximation, and Q-learning HJB solution as sequential components. Applied to eleven Zhejiang cities (2014–2023, (Formula presented.)), in this illustrative application the framework reduces premium variance by 43.5 percent (bootstrap 95% CI: (Formula presented.)) while maintaining actuarial adequacy with a mean loss ratio of 0.678, though the modest sample size warrants caution in generalising these findings. Each component contributes statistically significant improvements confirmed by the Friedman test at the 0.1 percent significance level. © 2026 by the authors.",Include,Asuransi Pertanian / Keuangan Hijau,Student-t Copula,RNN;LSTM,Data iklim dan kerugian (2014-2023) di sebelas kota Zhejiang,Pipeline (Integrasi berurut untuk mengekstrak ekspektasi bersyarat antara Copula dan LSTM),Menangkap kebergantungan stokastik pada dinamika kerugian dan ragam iklim untuk penentuan premi asuransi multi-risiko.,,,
Ren C.; Gu J.; Tian S.; Zhou J.; Shi S.; Fu Y.,"Ren, Chen (57424269600); Gu, Jiping (57423968100); Tian, Shuxin (56145606600); Zhou, Jian (58385602000); Shi, Shanshan (56102122700); Fu, Yang (35109059900)",A Short-Term Rolling Prediction-Correction Method for Wind Power Output Based on LSTM and Markov Chain,10.1109/ICPSAsia52756.2021.9621465,https://www.scopus.com/pages/publications/85123383925?origin=resultslist,"Wind power output prediction is the basis of the planning and operation for wind farms. To improve the prediction accuracy of wind power output based on digital driving, a short-term rolling prediction-correction method based on the combination model of t-Copula, LSTM and Markov Chain is proposed to forecast the change trend of wind power output. Firstly, the synchro-phasor measurement unit (PMU) with high precision and high-intensive makes it possible to provide large amounts of accurate data for wind power prediction. The important internal correlation factors reflecting immediate reaction of wind power offered by PMU and the external environment factors are screened by utilizing t-Copula correlation theory. Secondly, combined the input data set including the screened correlation factors and the history data of wind power output, the improved Long and short-term memory neural network (LSTM), which is modified by optimal inertia weight and adaptive mutation probability in particle swarm optimization, is put forward to realize the short-term rolling prediction of wind power output. Thirdly, Markov chain theory is introduced to correct the residual of LSTM output, so as to further improve the accuracy of wind power short-term prediction. Finally, this short-term rolling prediction-correction model are tested on the actual data of wind power and the correlation factors. The numerical results show the effectiveness of the proposed model and solution technique for enhancing the wind power prediction accuracy. © 2021 IEEE.",Include,Prediksi Daya Angin,t-Copula,Improved LSTM,Data Synchro-phasor daya angin dan faktor eksternal,Pipeline (Penyaringan variabel eksternal menggunakan t-Copula menjadi input set bagi LSTM),Kebutuhan model berbasis penggerak data riil yang lebih peka terhadap gangguan cuaca eksternal harian.,,,
Chen J.; N’Doye I.; Monjed M.K.; Hong P.-Y.,"Chen, Jianxu (59738943400); N’Doye, Ibrahima (6507745362); Monjed, Mohammad Khalil (57216323189); Hong, Pei-Ying (57219563589)",Zero-shot generalization for predicting viral concentrations and evaluating removal efficiencies across wastewater matrices,10.1038/s41598-025-26384-4,https://www.scopus.com/pages/publications/105022745680?origin=resultslist,"Predicting viral particles on new unseen data across wastewater matrices (WMs) in aerobic membrane bioreactor (AeMBR)-based wastewater treatment plants (WWTPs) remains an open challenge due to the process drifts involved in the treatment stages. Efficient data augmentation approaches based on Markov chain (MCM), Markov chain and multivariate Gaussian (MMCM), Gaussian mixture (GMM) and Copula (CM) were proposed to generate synthetic data from physicochemical parameters, virometry, and PCR-based method. Dual-attention long short-term memory network (DA-LSTM) with new generative models was proposed to predict viral particles and evaluate the removal efficiencies across AeMBRs, thereby handling effluent processing drifts. The DA-LSTM combines attention mechanisms to adaptively adjust the weights of the features and increase the long-term memory, enabling accuracy and robustness across unseen WMs. DA-LSTM framework was tested for predicting pepper mild mottle virus and enteric viral pathogens such as total virus and adenovirus in two regions of Saudi Arabia. The log removal values were evaluated through the estimated viral concentrations. The DA-LSTM model demonstrated significant adaptability to unseen data across different WMs, maintaining robust performance despite the effluent drifts. The results showed that DA-LSTM zero-shot generalization achieved remarkable viral particles prediction performance using MMCM with a mean average coefficient of determination R2 of 0.91, and 0.97 across the sand, and MBR wastewater matrices in region R1, respectively, and R2 of 0.97 across the chlorinated effluent treatment process in region R2. Tests on total viral prediction across municipal WWTPs located in two other regions in Saudi Arabia confirmed the DA-LSTM’s effectiveness in predicting viral particle across WMs and its ability to enhance zero-shot generalization performance at the regional level. © The Author(s) 2025.",Include,Manajemen Pengolahan Air Limbah,Copula (CM),DA-LSTM (Dual-attention LSTM),Data fisikokimia dan virometri di kawasan perairan Arab Saudi,Pipeline (Copula mengaugmentasi data tiruan yang menjadi latihan prediksi DA-LSTM),Kesulitan melihat sifat pergeseran proses efisiensi tahapan pengolahan air untuk memprediksi limbah virus berbahaya.,,,
Xu W.; Ma K.; Wu Y.; Chen Y.; Yang Z.; Xu Z.,"Xu, Weiyao (59984737600); Ma, Kunyuan (59482874900); Wu, You (59235176100); Chen, Yuan (59358964400); Yang, Zhirui (59964129200); Xu, Zhen (58364951200)",LSTM-Copula Hybrid Approach for Forecasting Risk in Multi-Asset Portfolios,10.1145/3746972.3746978,https://www.scopus.com/pages/publications/105014510419?origin=resultslist,"This study proposes a multi-asset portfolio risk prediction model that integrates Long Short-Term Memory (LSTM) networks with Copula functions. The model is designed to capture both the temporal dynamics of financial asset returns and the nonlinear dependencies among assets. LSTM is used to model the marginal distributions of individual asset return series. Copula functions are employed to describe the joint distribution structure across multiple assets. This allows for accurate prediction of key portfolio risk metrics such as Value-at-Risk (VaR) and Conditional Value-at-Risk (CVaR). In the experimental design, several baseline models are constructed for performance comparison. Further analyses are conducted to assess the model’s risk prediction ability under varying numbers of assets and to evaluate risk coverage across different confidence intervals. The experimental results show that the proposed LSTM-Copula model outperforms mainstream methods across multiple evaluation metrics. It demonstrates higher robustness and predictive accuracy, particularly in high-dimensional and sparse data settings. This approach offers a novel path for financial risk management by combining statistical modeling with deep learning. It provides strong empirical results and holds substantial practical value for applications in complex financial environments. © 2025 Copyright held by the owner/author(s).",Include,Prediksi Risiko Portofolio Aset,Copula,LSTM,Rangkaian data seri temporal tingkat pengembalian aset keuangan,"Hybrid/Terintegrasi (LSTM menangani distribusi marginal dari aset individu, Copula mengatur distribusi gabungannya)",Menyelesaikan tantangan simultan antara memodelkan dinamika waktu serta efek dependensi antar instrumen multi-aset.,,,
Chen X.; Yang M.; Zhang Y.; Liu J.; Yin S.,"Chen, Xing (57221955031); Yang, Meng (57202193193); Zhang, Yihan (57221366092); Liu, Junhui (55890031300); Yin, Shuo (57197833322)",Load Prediction Model of Integrated Energy System Based on CNN-LSTM,10.1109/EEPS58791.2023.10257124,https://www.scopus.com/pages/publications/85173893855?origin=resultslist,"Accurate load prediction is the premise of integrated energy system's design, operation, scheduling and management. Most of the existing load forecasting models considered meteorological and date factors, but did not consider the correlation between electricity, cold and heat loads in system, which would affect the prediction accuracy of the model. In this paper, Copula theory was used to analyze the correlation between three kinds of loads in the system. From the analysis results, there was a strong correlation between the three loads. Based on the above analysis results, in order to improve the prediction accuracy of the model, this paper proposed a load prediction model of integrated energy system based on deep learning. Firstly, the model used Convolutional Neural Network (CNN) to extract the feature quantities related to the coupling characteristics of electric, cold and hot loads in the system. After converting the characteristic values into time series, these series were input into Long Short-Term Memory (LSTM) network for load prediction. Experimental results show that the prediction accuracy of CNN-LSTM combined model proposed in this paper is more accurate, which can provide reference for the load prediction of the system. © 2023 IEEE.",Include,Prediksi Sistem Energi Terintegrasi,Copula,CNN-LSTM,"Data beban daya kelistrikan, termal dingin, dan panas",Pipeline (Copula menghitung pola relasi dari varian beban yang ada untuk diekstraksi oleh CNN dan diprediksi LSTM),"Kegagalan prediksi lama karena mengabaikan efek relasi beban yang terhubung antara panas, suhu dingin, dan daya.",,,
Li Y.; Wang B.; Gong Y.,"Li, Yanling (54410790700); Wang, Bingyu (57843140600); Gong, Yajie (57221842802)",Retraction:Drought Assessment Based on Data Fusion and Deep Learning,10.1155/2022/4429286,https://www.scopus.com/pages/publications/85135849516?origin=resultslist,"Drought is a major factor affecting the sustainable development of society and the economy. Research on drought assessment is of great significance for formulating drought emergency policies and drought risk early warning and enhancing the ability to withstand drought risks. Taking the Yellow River Basin as the object, this paper utilizes data fusion, copula function, entropy theory, and deep learning, fuses the features of meteorological drought and hydrological drought into a drought assessment index, and establishes a long short-term memory (LSTM) network for drought assessment, based on deep learning theory. The results show that (1) after extracting the features of meteorological drought and hydrological drought, the drought convergence index (DCI) built on the fused features by copula function can accurately reflect the start and duration of the drought; (2) the drought assessment indices were effectively screened by judging the causality of the drought system, using the transfer entropy; (3) drawing on the idea of deep learning, LSTM for drought assessment, which was established on DCI and the drought assessment factors, can accurately assess the drought risks of the Yellow River Basin. © 2022 Yanling Li et al.",Include,Pemantauan Bencana Kekeringan,Copula,LSTM,Data pemantauan hidrologis dan meteorologis Cekungan Sungai Kuning,Pipeline (Copula menggabungkan fitur mentah jadi indeks nilai yang diassesmen oleh LSTM),Keharusan melahirkan penilaian cepat untuk mitigasi ekonomi dan kebijakan siaga kekeringan masa depan.,,,
Zhang B.; Li Q.; Pang H.; Xu J.; Huang Y.,"Zhang, Bingzhe (57220549417); Li, Qixian (57245194400); Pang, Huizhen (57226882249); Xu, Jing (59053304800); Huang, Yu (57189371293)",Wind Speed Prediction for Wind Farm Based on Clayton Copula Function and Deep Learning Fusion,10.1109/CIEEC50170.2021.9510691,https://www.scopus.com/pages/publications/85114197931?origin=resultslist,"Complex spatio-temporal dependencies exist between wind speed (WS) of various wind turbines (WT) in wind farm (WF), which brings great difficulties to obtain accurate WS-prediction (WSP) results. Analyzing the spatio-temporal dependency of WS, clarifying the mutual influence between WT, and constructing high-precision wind- speed prediction models are still problems to be solved. For this reason, a WSP model combining long and short-term memory (LSTM) network and Copula function is proposed to realize WSP based on the analysis of the wind-speed spatio-temporal dependency. The effectiveness of the method is verified by using the measured wind-speed data of the WF. The method effectively solves the problem of windspeed spatio-temporal dependency analysis and significantly improves the WSP accuracy. © 2021 IEEE.",Include,Ladang Turbin Angin,Clayton Copula,LSTM,Data empiris/riwayat kecepatan angin harian di ladang angin,Hybrid/Terintegrasi (Gabungan utuh Copula dan jaringan LSTM untuk menganalisa dependensi data),Kebutuhan memodelkan keterikatan dependensi spatio-temporal antar berbagai sudut turbin agar prediksi kecepatan angin melesat akurat.,,,
Alokley S.A.; Araichi S.; Alomair G.,"Alokley, Sara Ali (58505891600); Araichi, Sawssen (56518173300); Alomair, Gadir (58000280400)","Exploring the Relationship and Predictive Accuracy for the Tadawul All Share Index, Oil Prices, and Bitcoin Using Copulas and Machine Learning",10.3390/en17133241,https://www.scopus.com/pages/publications/85198226557?origin=resultslist,"Financial markets are increasingly interlinked. Therefore, this study explores the complex relationships between the Tadawul All Share Index (TASI), West Texas Intermediate (WTI) crude oil prices, and Bitcoin (BTC) returns, which are pivotal to informed investment and risk-management decisions. Using copula-based models, this study identified Student’s t copula as the most appropriate one for encapsulating the dependencies between TASI and BTC and between TASI and WTI prices, highlighting significant tail dependencies. For the BTC–WTI relationship, the Frank copula was found to have the best fit, indicating nonlinear correlation without tail dependence. The predictive power of the identified copulas were compared to that of Long Short-Term Memory (LSTM) networks. The LSTM models demonstrated markedly lower Root Mean Squared Error (RMSE), Mean Absolute Error (MAE), and Mean Absolute Scaled Error (MASE) across all assets, indicating higher predictive accuracy. The empirical findings of this research provide valuable insights for financial market participants and contribute to the literature on asset relationship modeling. By revealing the most effective copulas for different asset pairs and establishing the robust forecasting capabilities of LSTM networks, this paper sets the stage for future investigations of the predictive modeling of financial time-series data. The study highlights the potential of integrating machine-learning techniques with traditional econometric models to improve investment strategies and risk-management practices. © 2024 by the authors.",Exclude,Pasar Keuangan Global,Student's t Copula;Frank Copula,LSTM,"Indeks gabungan Tadawul, nilai minyak mentah WTI, dan Bitcoin",Tidak Terintegrasi (Keduanya berdiri sendiri untuk unjuk kemampuan error testing),Tidak Berlaku,,,
Kim J.-M.; Ha I.D.; Kim S.,"Kim, Jong-Min (55720212100); Ha, Il Do (59929225600); Kim, Sangjin (57190955712)",Deep learning-based survival analysis with copula-based activation functions for multivariate response prediction,10.1007/s00180-025-01669-4,https://www.scopus.com/pages/publications/105016475113?origin=resultslist,"This research integrates deep learning, copula functions, and survival analysis to effectively handle highly correlated and right-censored multivariate survival data. It introduces copula-based activation functions (Clayton, Gumbel, and their combinations) to model the nonlinear dependencies inherent in such data. Through simulation studies and analysis of real breast cancer data, our proposed CNN-LSTM with copula-based activation functions for multivariate multi-types of survival responses enhances prediction accuracy by explicitly addressing right-censored data and capturing complex patterns. The model’s performance is evaluated using Shewhart control charts, focusing on the average run length (ARL). © The Author(s), under exclusive licence to Springer-Verlag GmbH Germany, part of Springer Nature 2025.",Include,Analisis Ketahanan Hidup (Survival Analysis) / Medis,"Clayton, Gumbel, and combinations Copula",CNN-LSTM,Data ketahanan hidup multivariat dari kasus rill Kanker Payudara,Embedded/Dalam Arsitektur (Fungsi-fungsi Copula diinstal langsung menjadi fungsi aktivasi pada lapis/jaringan utama AI),Mengelola treatment prediksi dari data medis yang banyak memiliki rekam-jejak tak sempurna (right-censored) namun berkorelasi kuat.,,,
Abbaszadeh P.; Gavahi K.; Alipour A.; Deb P.; Moradkhani H.,"Abbaszadeh, Peyman (55585799000); Gavahi, Keyhan (57208565096); Alipour, Atieh (57194655198); Deb, Proloy (56189796500); Moradkhani, Hamid (6506246184)",Bayesian Multi-modeling of Deep Neural Nets for Probabilistic Crop Yield Prediction,10.1016/j.agrformet.2021.108773,https://www.scopus.com/pages/publications/85121292014?origin=resultslist,"An imperative aspect of agricultural planning is accurate yield prediction. Artificial Intelligence (AI) techniques, such as Deep Learning (DL), have been recognized as effective means for achieving practical solutions to this problem. However, these approaches most often provide deterministic estimates and do not account for the uncertainties involved in model predictions. This study presents a framework that employs the Bayesian Model Averaging (BMA) and a set of Copula functions to integrate the outputs of multiple deep neural networks, including the 3DCNN (3D Convolutional Neural Network) and ConvLSTM (Convolutional Long Short-Term Memory), and provides a probabilistic estimate of soybean crop yield over a hundred counties across three states in the United States. The results of this study show that the proposed approach produces more accurate and reliable soybean crop yield predictions than the 3DCNN and ConvLSTM networks alone while accounting for the models’ uncertainties. © 2021",Include,Prediksi Hasil Pertanian,Set of Copula functions,ConvLSTM;3DCNN,Data volume hasil panen ladang kedelai seratus kabupaten di Amerika,Terintegrasi Ensemble (Rangkaian Copula dipakai merangkum estimasi luaran probabilitas jaringan ganda/LSTM),Membawa AI selangkah lebih maju dari sekadar prediksi kaku agar juga memprakirakan rasio peluang (uncertainties) panen alam semesta.,,,
Cui Z.; Hu C.; Miao G.; Liu C.; Dou S.,"Cui, Zhen (57360396300); Hu, Caihong (56267117300); Miao, Gan (59706366200); Liu, Chengshuai (57219002438); Dou, Shentang (36801533700)","Coupled dominant factors analysis, dual attention deep learning, and uncertainty quantification for long-term pan evaporation ensemble prediction in the Wuding River Basin, China",10.1016/j.ejrh.2026.103323,https://www.scopus.com/pages/publications/105035614164?origin=resultslist,"Study region: The Wuding River, a major tributary of the Yellow River in China. Study focus: This study aims to improve the accuracy and reliability of long-term pan evaporation (Epan) prediction in arid and semi-arid regions. A novel prediction framework integrating dominant factors analysis, intelligent modeling, and uncertainty quantification is developed. Path analysis identifies the Epan’s dominant drivers, while a dual-attention long short-term memory (DA-LSTM) Epan prediction model is constructed to capture key feature-temporal dependencies. The DA-LSTM model is compared with support vector regression and linear regression, and integrates into an ensemble scheme. An improved C-Vine Copula-based multi-model processor (CMMCP) is introduced to quantify Epan prediction uncertainty. The framework is evaluated using monthly data from 1980 to 2013 at upstream, midstream, and downstream stations in the Wuding River Basin. New hydrological insights for the region: The Epan influence mechanisms have regional differences, and thermal factors dominate Epan in the upstream region, while thermal and dynamic factors contribute downstream. Path analysis indicates that surface temperature, sunshine duration, precipitation, and wind speed are key positive drivers, whereas atmospheric pressure exerts a negative influence, all of which exhibit significant total effects. The DA-LSTM achieves superior accuracy (KGE > 0.90), and the CMMCP reduces prediction interval widths by 12.9–26.7% compared to MMCP while maintaining 90% coverage, confirming its enhanced reliability for regional Epan prediction and water resource management. © 2026 The Author(s). Published by Elsevier B.V. This is an open access article under the CC BY license. http://creativecommons.org/licenses/by/4.0/",Include,Estimasi Evaporasi Panci / Iklim Hidrologi,C-Vine Copula,DA-LSTM,Stasiun hidrologis hulu dan hilir di Cekungan Sungai Wuding (1980-2013),Pipeline (DA-LSTM mengeluarkan keluaran inti prediksi lalu diproses Copula untuk melihat kuantifikasi ketidakpastian),Menyusun skema peramalan interval air wilayah hulu dalam jangka panjang untuk menyiasati cuaca kering ekstrim.,,,
Kim J.-M.,"Kim, Jong-Min (55720212100)",Integrating Copula-Based Random Forest and Deep Learning Approaches for Analyzing Heterogeneous Treatment Effects in Survival Analysis,10.3390/math13101659,https://www.scopus.com/pages/publications/105006497747?origin=resultslist,"This paper presents deep learning models—specifically, Long Short-Term Memory (LSTM) networks and hybrid Convolutional Neural Network–LSTM (CNN-LSTM) with a Copula-Based Random Forest (CBRF) model to estimate Heterogeneous Treatment Effects (HTEs) in survival analysis. The proposed method is designed to capture non-linear relationships and temporal dependencies in clinical and genomic data, with a particular focus on exploring how treatment effects vary by race as a moderating factor. Using breast cancer data from the TCGA-BRCA dataset, which includes both clinical variables and gene expression profiles, we filter the data to focus on two racial groups: Black or African American and White. Dimensionality reduction is performed using Principal Component Analysis (PCA). We compare the CNN-LSTM, LSTM, and CBRF models under three weighting strategies—no weights, Horvitz–Thompson (HT) weights, and Inverse Probability of Treatment Weighting (IPTW)—for predicting treatment effects. Model performance is evaluated using Root Mean Squared Error (RMSE), Mean Absolute Error (MAE), Concordance statistic (C-statistic), Average Treatment Effect (ATE), and Conditional Average Treatment Effect (CATE) by race. The CNN-LSTM model consistently outperforms the others, achieving the lowest prediction errors and highest discrimination, particularly under IPTW. Among the weighting strategies, IPTW yields the most substantial improvements in model performance and bias reduction. Importantly, race-specific treatment effects exhibit notable variation: CNN-LSTM estimates a slightly higher CATE for Black individuals under IPTW. Overall, CNN-LSTM with IPTW is recommended for robust and equitable causal inference, especially in racially stratified settings. © 2025 by the author.",Exclude,Analisis Klinis / Genomik,CBRF (Copula-Based Random Forest),LSTM;CNN-LSTM,Pasien breast cancer dari himpunan TCGA-BRCA,Tidak Terintegrasi (Hanya membandingkan tiga model AI dalam perlombaan bobot keadilan metrik efek pengobatan ras kulit hitam/putih),Tidak Berlaku,,,
Yu C.; Wang D.; Singh V.P.; Xu P.; Zhang A.; Ye X.; Zeng X.; Jiang J.; Wu J.,"Yu, Chenlu (59207710500); Wang, Dong (56918729900); Singh, Vijay P. (57211219633); Xu, Pengcheng (57189304424); Zhang, Along (57231397800); Ye, Xiaoyu (59206797400); Zeng, Xiankui (55461388700); Jiang, Jianguo (57195289362); Wu, Jichun (7409256839)",Rolling forecast of soil moisture under non-stationary conditions: a robust framework incorporating time-varying dynamics within and between variables,10.1016/j.jhydrol.2025.133832,https://www.scopus.com/pages/publications/105010837118?origin=resultslist,"Accurate soil moisture (SM) forecasting is essential for hydrological and agricultural applications, particularly in the face of non-stationary climate conditions. This study developed a two-tiered modeling framework that combined a rolling forecast mechanism with non-stationary vine copula-based quantile regression models to improve SM forecast accuracy. Non-stationarity in hydrometeorological variables was assessed using the Mann-Kendall trend test, revealing statistically significant trends in over 97 % of Yunnan Province, China. Then, a non-stationary vine copula model was constructed by embedding time-varying covariates into both marginal distributions and inter-variable dependence structures, enabling the model to dynamically capture both marginal and structural non-stationarity. Three temporal forecasting strategies—prediction, forecasting, and rolling forecast—were implemented to evaluate model adaptability and robustness. Model performance was benchmarked against three AI-based models (eXtreme Gradient Boosting (XGB), Random Forest (RF), and Long Short-Term Memory (LSTM)) and traditional quantile regression approaches. A suite of evaluation metrics was employed, including deterministic scores (e.g., Kling-Gupta Efficiency, KGE), probabilistic accuracy (e.g., coverage ratio, CR), and extreme-value diagnostics (e.g., total quantile error, TQE). Results demonstrated that non-stationary vine copula models outperformed stationary ones, achieving KGE values exceeding 0.90 in most regions, with structural (49.63 %) and marginal (42.17 %) non-stationarities contributing most to accuracy improvement. Among the methods, the rolling forecast with a sliding time window of 50 years emerged as the most reliable method, effectively mitigating “fake precision” by addressing biases from future information. Furthermore, the proposed model successfully identified and characterized agricultural droughts, including their frequency, duration, and severity. Taking the 2009–2010 winter-spring drought in Yunnan Province as an example, the model accurately captured its spatiotemporal evolution, demonstrating its potential in agricultural risk management and drought mitigation. Overall, this study highlights the necessity of incorporating non-stationarity in SM forecasting and presents a robust, interpretable, and operationally feasible framework for supporting drought preparedness and agricultural decision-making under climate uncertainty. © 2025 Elsevier B.V.",Exclude,Pertanian Kelembaban Tanah,Vine Copula (non-stasioner),LSTM,"Data hidrometeorologi hidrologi Provinsi Yunnan, Tiongkok",Tidak Terintegrasi (LSTM menjadi salah satu dari 3 lawan patokan konvensional di luar konstruksi model Copula utamanya),Tidak Berlaku,,,
Chacón H.; Koppisetti V.; Hardage D.; Choo K.-K.R.; Rad P.,"Chacón, Henry (57215531892); Koppisetti, Vishwa (58169668200); Hardage, David (58170199500); Choo, Kim-Kwang Raymond (57208540261); Rad, Paul (56748978800)",Forecasting call center arrivals using temporal memory networks and gradient boosting algorithm,10.1016/j.eswa.2023.119983,https://www.scopus.com/pages/publications/85151573083?origin=resultslist,"For any call center facility, the number of call arrivals represents a key component between customer satisfaction and budget constraints. Hence, the ability to accurately forecast the number of calls for a particular period of time is an effective measure in planning customer service and reducing any resource waste. In this research, presented as a comparative study in a tutorial style, we present call arrival forecasting comparison between classical time series methods such as Holt–Winters, exponential smoothing, and SARIMA with machine/deep learning techniques like Recurrent Neural Networks and gradient boosting approach. To test the models, we use real-life call logs from a national US insurance company collected for ten months. The series exhibits an inhomogeneous Poisson process and dependencies between aggregated periods. Call center managers commonly require forecast results on short and long-term periods to determine the required headcount based on expected service quality. In our case, we used half-hourly and daily aggregations for short and long-term forecasts. Because the data used is less than a year long, we provided enough seasonal periods in the short-term period. In this case, both deep learning models reported minimum error followed by the boosting approach. This is not the case for long-term periods, where the provided series is less than a year. The boosting approach reports better error results than any of the models used, even deep learning models which report the worst errors from the model's list. Those results indicate that on limited seasonality periods, deep learning models are incapable of generalizing different volatility fluctuations compared to boosting and classical approaches. Considering boosting errors on short-term periods are comparable to deep learning models, we suggest the use of boosting as a benchmark approach to forecast call arrivals for the inhomogeneous Poisson process, specifically on limited seasonal periods. © 2023 Elsevier Ltd",Exclude,Layanan Call Center,Tidak ada,RNN (Recurrent Neural Networks),Data log agregasi kedatangan sambungan fasilitas asuransi Amerika,Tidak Terintegrasi (Tidak mengadaptasi Copula sedikitpun dalam komparasinya),Tidak Berlaku,,,
Kim J.-M.,"Kim, Jong-Min (55720212100)","Deep Contextual Bandits with Multivariate Outcomes: Empirical Copula Normalization, Temporal Feature Learning, and Doubly Robust Policy Evaluation",10.3390/math14050846,https://www.scopus.com/pages/publications/105032770915?origin=resultslist,"We develop and evaluate a deep contextual bandit framework for multivariate off-policy evaluation within a controlled simulation-based validation setting. Using real covariate distributions from the Adult, Boston Housing, and Wine Quality datasets, we construct synthetic treatment assignments and multivariate potential outcomes to enable rigorous benchmarking under known data-generating processes. We compare CNN-LSTM, LSTM, and Feed-forward Neural Network (FNN) architectures as nonlinear action-value estimators. To examine representation learning under structured dependence, an (Formula presented.) feature augmentation scheme is employed, while multivariate outcomes are standardized using empirical copula transformations to preserve cross-dimensional dependence. Policy values are estimated using Stabilized Importance Sampling (SIPS) and doubly robust (DR) estimators with bootstrap inference. Although the decision problem is strictly one-step, empirical results indicate that CNN-LSTM architectures provide competitive action-value calibration under temporal augmentation. Across all datasets, the DR estimator demonstrates substantially lower variance and greater stability than SIPS, consistent with its theoretical variance-reduction properties. Diagnostic analyses—including propensity overlap assessment, cumulative oracle regret (with oracle values known by construction), calibration evaluation, and sensitivity analysis—support the reliability of the proposed evaluation framework. Overall, the results demonstrate that combining copula-normalized multivariate outcomes with doubly robust off-policy evaluation yields a statistically principled and variance-efficient approach for offline policy learning in high-dimensional simulated environments. © 2026 by the author.",Include,Pembelajaran Kebijakan Offline (Offline Policy Learning) / Pengambilan Keputusan,Empirical Copula,CNN-LSTM;LSTM,Adult;Boston Housing;Wine Quality,"Pipeline (Transformasi copula empiris digunakan untuk menstandarisasi hasil multivariat, digabungkan dengan CNN-LSTM untuk pembelajaran fitur temporal)",Pengurangan varians dan evaluasi kebijakan yang stabil dalam lingkungan simulasi berdimensi tinggi yang kompleks.,,,
Lee R.; Shin H.,"Lee, Ryungyeong (57203970391); Shin, Hunyoung (57195399871)",The Proposal of Wind Speed Scenario Generation using a Forecasting Error based on Bivariate Copula Function; [이변량 코퓰라 함수 기반의 예측 오차 모델링을 활용한 풍속 시나리오 생성 방법의 제안],10.5370/KIEE.2023.72.9.994,https://www.scopus.com/pages/publications/85175872894?origin=resultslist,"With the target of global Net-Zero, the future power system needs to consider planning and operation approaches based on the stochastic properties of renewable energy. In this paper, we present the methods of wind speed scenario generation using conditional forecasting error. The proposed method utilized LSTM model to forecast the wind speed. In addition, it employed a copula function to cope with a dependency of wind speed and its wind forecasting value and estimated the conditional distribution of forecasting error. The effectiveness of the presented method was verified using a real wind speed data. The simulation results demonstrated that the various scenario generation can be obtained from the estimated conditional forecasting error, which is expected to be used for detailed power system analysis. Copyright © The Korean Institute of Electrical Engineers.",Include,Energi Terbarukan (Prediksi Kecepatan Angin),Bivariate Copula,LSTM,Real wind speed data,"Pipeline (LSTM memprediksi kecepatan angin, sementara fungsi Copula menangani pemodelan dependensi untuk distribusi kesalahan prediksi)",Perencanaan dan pengoperasian sistem kelistrikan yang harus menghadapi sifat stokastik dari sumber energi terbarukan.,,,
Kim J.-M.; Kim J.; Do Ha I.,"Kim, Jong-Min (55720212100); Kim, Jihoon (60203464400); Do Ha, Il (7005904935)",Copula-Based Deep Learning Models for Competing Risks,10.1002/sam.70051,https://www.scopus.com/pages/publications/105022477369?origin=resultslist,"This study introduces a novel approach to modeling competing risks in survival analysis by integrating learnable Copula functions (Clayton, Frank, and Gaussian) with deep learning architectures, including Convolutional Neural Networks (CNN), Long Short-Term Memory (LSTM) networks, and a hybrid CNN-LSTM model. Here, we are interested in classifying competing risks outcomes. The proposed method captures complex dependencies within the data. Our approach demonstrates improved predictive performance in survival data modeling by effectively capturing intricate dependency structures and event relationships. We validate the proposed models using both simulated data and real-world clinical data. This research highlights the potential of integrating Copula-based dependency structures into deep learning models for survival analysis with competing risks. The results emphasize how Copula-based neural networks can enhance prediction accuracy and handle competing risks in survival analysis. © 2025 The Author(s). Statistical Analysis and Data Mining published by Wiley Periodicals LLC.",Include,Analisis Survival Medis (Risiko Bersaing),Clayton;Frank;Gaussian,CNN-LSTM;LSTM,Simulated data;Real-world clinical data,Embedded (Fungsi Copula yang dapat dipelajari diintegrasikan secara langsung dengan arsitektur deep learning),Menangkap struktur dependensi dan hubungan peristiwa yang kompleks dalam pemodelan data survival.,,,
Xie H.-X.; Feng Y.; Yu X.-Y.; Hu Y.-N.,"Xie, Hong-Xia (57692084100); Feng, Yan (58084734700); Yu, Xue-Yong (36700877400); Hu, Yu-Ning (57196739874)",Optimization Trading Strategy Model for Gold and Bitcoin Based on Market Fluctuation,10.20965/jaciii.2023.p0105,https://www.scopus.com/pages/publications/85147139243?origin=resultslist,"As a new type of digital currency, Bitcoin is considered as “future gold” by various scholars. Therefore, this study considers Bitcoin and gold as a group of hedging assets to conduct investment research and it also discusses the investment rules between Bitcoin and gold: prediction of the rise and fall of Bitcoin, comparison of the characteristics of Bitcoin and gold, and the impact of the transaction procedures of Bitcoin and gold on the final trading results, and formulates trading strategies through optimization algorithms. Then, four machine learning algorithms, i.e., LSTM, BP neural network, Adaboost, and Bagging, are introduced to predict the rise and fall of gold and Bitcoin the next day, and then, the entropy weight method is used to synthesize four predicted results to ensure the robustness of the predicted results. To establish the optimal trading strategy, this study considers the maximum expected return as the goal to develop a single-objective optimization model and historical five-day price volatility as a risk factor. In this study, ant colony, simulated annealing, and genetic algorithms are used to solve the single-objective optimization model. Finally, we conclude that Bitcoin, similar to other financial assets, e.g., gold, is sensitive to shocks and volatile and possesses a relatively quiet cycle. When Bitcoin has an asymmetric impact, Bitcoin and gold can equally treat transactions. © Fuji Technology Press Ltd.",Exclude,Keuangan dan Perdagangan,-,LSTM,Bitcoin and gold market historical data,- (Tidak ada metode Copula yang digunakan atau diintegrasikan dengan LSTM),Kebutuhan formulasi strategi perdagangan optimal pada aset keuangan yang sensitif terhadap guncangan dan volatilitas.,,,
Liu D.; Yang H.; Lu C.; Ruan S.; Jiang S.,"Liu, Di (57218528076); Yang, Hui (59044544500); Lu, Caiwu (35148313200); Ruan, Shunling (53878458600); Jiang, Song (56486467700)",Prediction of displacement of tailings dams based on MISSA-CNN-BiLSTM model; [基于 MISSA-CNN-BiLSTM 模型的尾矿坝位移预测],10.16265/j.cnki.issn1003-3033.2024.09.1091,https://www.scopus.com/pages/publications/85209919060?origin=resultslist,"A comprehensive and sophisticated multi-algorithm coupled dynamic prediction model is proposed to address the intricate reality and stringent accuracy requirements of predicting tailings dam displacement. Firstly, by employing a time series decomposition model, the cumulative displacement is disaggregated into its trend and cyclical components. The trend term displacement is then forecasted using a Gaussian regression time series prediction model. Secondly, various Copula functions are employed to investigate the overall correlation between the inducing factors and the cyclical term displacement. Owing to the diverse influencing factors and strong nonlinearities associated with the cyclical term displacement, the MISSA-CNN-BiLSTM model is utilized for prediction. Lastly, the predicted trend term displacement from the Gaussian regression model and the predicted cyclical term displacement from the MISSA-CNN-BiLSTM model are merged. The results demonstrate a high degree of consistency between the predicted cumulative landslide displacements and the measured values, with a correlation coefficient of 0. 996 and a root mean square error (RMSE) of 0. 13 mm. The multi-algorithm coupled model, based on MISSA-CNN-BiLSTM, exhibits remarkable prediction accuracy and effectively captures step changes in tailings dam displacements. © 2024 Editorial Department of China Safety Science Journal. All rights reserved.",Include,Keamanan Bendungan (Prediksi Pergeseran Bendungan),Copula,CNN-BiLSTM;BiLSTM,Tailings dam displacement measured values (China),"Pipeline (Copula menyelidiki korelasi antara faktor pemicu, sementara model gabungan MISSA-CNN-BiLSTM memprediksi nilai siklik)",Persyaratan akurasi yang ketat dan kompleksitas realitas dalam memprediksi perpindahan/pergeseran bendungan tailing.,,,
Wang S.; Zhong P.-A.; Zhu F.; Xu B.; Li J.; Qian X.; Wang B.,"Wang, Sen (59873486400); Zhong, Ping-an (23478995600); Zhu, Feilin (55965133800); Xu, Bin (56422840100); Li, Jieyu (57202874675); Qian, Xinyuan (7402052409); Wang, Bin (56008058100)",Streamflow forecasting method with a hybrid physical process-mathematical statistic,10.1007/s00477-023-02542-w,https://www.scopus.com/pages/publications/85168569657?origin=resultslist,"The complex topology of river networks and the numerous factors influencing streamflow make it challenging to forecast streamflow in large river basins. Improving the accuracy of streamflow forecasting in these basins is of great importance for water resource planning and management. In this paper, considering the spatial variability of impacts of human activities on streamflow, a streamflow forecasting method with a hybrid physical process-mathematical statistic is proposed to obtain better results by realizing the complementary advantages of conventional methods and the streamflow into Hongze Lake in China is forecasted by the proposed method. Firstly, the physical process-based Soil and Water Assessment Tool (SWAT) is used to forecast the streamflow of tributaries with few water storage projects such as reservoirs in the catchment area. Secondly, considering the correlation between mainstream streamflow and tributaries streamflow as well as the correlation between mainstream streamflow and its previous streamflow, streamflow forecasting models based on the vine copula function are constructed to forecast the mainstream streamflow and its confidence intervals, where there are many water storage projects in the catchment area. Then, the total streamflow into Hongze Lake and its confidence intervals are obtained by coupling the outputs of the above two parts. Finally, statistical indicators are chosen to evaluate the forecasting effects in terms of the credibility of deterministic forecasting as well as the reliability and acuity of probabilistic forecasting. The results demonstrate that the proposed method outperforms existing SWAT and long and short-term memory (LSTM) neural network methods in terms of forecasting performance. Consequently, it presents an effective alternative for addressing complex hydrological forecasting tasks in large river basins. © 2023, The Author(s), under exclusive licence to Springer-Verlag GmbH Germany, part of Springer Nature.",Exclude,Hidrologi (Peramalan Aliran Sungai),Vine Copula,LSTM,Hongze Lake streamflow data (China),"Komparasi (Vine Copula tidak diintegrasikan dengan LSTM, melainkan LSTM hanya digunakan sebagai model pembanding/baseline)",Topologi jaringan sungai yang kompleks dan banyaknya faktor yang memengaruhi peramalan aliran sungai di cekungan sungai besar.,,,
Guo J.; Wang X.; Wang Y.; Li W.; Ding Y.; Jia H.,"Guo, Junhong (56645223600); Wang, Xiaoxuan (57467338700); Wang, Yuexin (58983859700); Li, Wei (56431360700); Ding, Yi (59244858500); Jia, Hongtao (58201872800)",Enhancing ultra-short-term wind power forecasting using the Copula quantile regression method; [Copula 分位数回归方法在风电超短期出力预测上的应用],10.13374/j.issn2095-9389.2023.12.15.003,https://www.scopus.com/pages/publications/85200317527?origin=resultslist,"In recent years, the shift toward renewable energy in China’s power industry has been remarkable, with the installed capacity of renewables surpassing that of coal-fired power. Among these, wind power output plays a pivotal role, although it is characterized by its strong randomness and volatility. Traditional prediction methods fall short as they cannot provide comprehensive probability distribution information on the wind power output. To bridge this gap, quantile prediction methods have emerged as superior options for achieving reliable wind power output predictions, which are crucial for the safe and stable operation of power grid systems. To address the inherent unpredictability of wind power, this study introduces a quantile regression method based on Copula (QCopula). The Copula function captures the correlation between the marginal distribution functions of the random variables and their joint distribution function. The process begins with selecting an optimal Copula function using the Akaike Information Criterion (AIC). This function elucidates the relationship between wind power and wind speed, enabling the expression of the conditional probability distribution function of power. By considering different conditional probability values, we obtained wind power prediction results at different quantiles, leading to interval prediction results across different confidence intervals. These results were compared with three traditional quantile regression methods (Quantile Regression (QR), Quantile regression Random Forests (QRF), and Quantile regression Long Short-Term Memory (QLSTM)) using three elevation metrics: Predictive Interval Coverage Probability (PICP), Predictive Interval Normalized Average Width (PINAW), and Corrected Predictive Interval Accuracy (CPIA). This comparison was aimed at evaluating the interval prediction accuracy of the four quantile regression methods. Finally, the crossover of the quantile curves for each method was analyzed. A case study was conducted at a wind power plant in Gansu Province, utilizing wind speed and power data (measured in MW at 15-minute intervals) from September 2022 to June 2023. With 29088 sample points in total, the data were divided into training, validating and testing sets in an 6∶2∶2 ratio. The training set facilitated model development through various quantile regression methods, the validating set was used for model parameterization, whereas the testing was used to evaluate the accuracy of each model. The results showed that the QCopula consistently outperformed the other methods across different confidence intervals, with its modified prediction interval accuracy ranging between 0.701 and 0.773. On average, it exceeded QR, QRF, and QLSTM by 15%, 9%, and 13%, respectively. Notably, the QCopula maintained a consistent increase in the predicted power values for each sample point with probability, without any instances of quantile crossing, a common issue observed in QR, QRF, and QLSTM. In summary, the QCopula offers narrower interval widths and higher interval coverage without the drawback of quantile curve crossing, thereby ensuring higher reliability. © 2024 Science Press. All rights reserved.",Exclude,Energi Terbarukan (Peramalan Daya Angin),Copula (QCopula),QLSTM,Gansu Province wind speed and power data (China),"Komparasi (QCopula dan QLSTM dibangun secara terpisah dan diuji sebagai perbandingan, bukan diintegrasikan)",Volatilitas dan ketidakpastian kuat dari tenaga angin yang sulit diprediksi dengan metode peramalan tradisional.,,,
Pérez A.; Insausti-Delgado A.; Park H.; Ramos-Murguialday A.,"Pérez, Alejandro (56236339400); Insausti-Delgado, Ainhoa (57196194987); Park, Hyojin (57201966952); Ramos-Murguialday, Ander (27067987700)",Modulating speech tracking through brain state-dependent changes in audio loudness,10.1088/1741-2552/ae30ab,https://www.scopus.com/pages/publications/105026716359?origin=resultslist,"Objective. To determine whether the perceptual intensity of speech signals—manipulated via loudness and dynamically adjusted through a brain state-dependent stimulation (BSDS) paradigm—modulates neural speech tracking and short-term memory. Approach. We implemented an EEG brain state-dependent design in which real-time variations in alpha power were used to modulate the loudness of pre-recorded digits during a task modelled on the digit span test. Speech tracking was quantified using lagged Gaussian copula mutual information (2-10 Hz), and behavioural performance was assessed through recall accuracy. Main results. Contrary to our initial hypothesis that higher loudness would enhance speech tracking and memory via bottom-up attention, digit recall accuracy was stable across loudness conditions. Speech tracking revealed an unexpected pattern: louder stimuli presented during high alpha power (low attention) elicited reduced tracking magnitudes and shorter peak latencies, whereas quieter stimuli delivered during low alpha power (high attention) produced stronger and more temporally extended tracking responses. Significance. These findings may suggest that internal attentional state, rather than external stimulus salience, plays a dominant role in shaping speech encoding. The study provides proof-of-concept evidence for BSDS in auditory paradigms, showing the importance of attentional fluctuations and stimulus loudness in determining the strength and timing of neural speech tracking, with implications for the design of adaptive speech-enhancement strategies. © 2026 The Author(s). Published by IOP Publishing Ltd.",Exclude,Neurosains (Pemrosesan Sinyal Bicara),Gaussian Copula,-,EEG tracking data,"- (Hanya menggunakan Gaussian Copula, tidak ada penggunaan LSTM sama sekali)",Memahami apakah intensitas persepsi dari sinyal bicara memodulasi pelacakan ucapan saraf dan memori jangka pendek.,,,
Dong W.; Sun H.; Mei C.; Li Z.; Zhang J.; Yang H.; Ding Y.,"Dong, Weichao (57209076373); Sun, Hexu (7404827449); Mei, Chunxiao (57211938784); Li, Zheng (57188634344); Zhang, Jingxuan (55104617900); Yang, Huifang (57218825570); Ding, Yinan (58479086700)",Stochastic optimal scheduling strategy for a campus-isolated microgrid energy management system considering dependencies,10.1016/j.enconman.2023.117341,https://www.scopus.com/pages/publications/85164290319?origin=resultslist,"Isolated microgrids have been widely used on campuses, becoming an important part of their power-supply infrastructure. In this study, a stochastic optimal scheduling strategy that considered dependencies was proposed for the energy management system (EMS) of an isolated microgrid on campus, which consists of three main components: an accurate forecasting model on both the demand and supply sides, an excellent core scheduling strategy, and an effective uncertainty analysis. First, the forecasting model involved data correction, feature selection, core forecasting, and error analyses to obtain consistently good forecasting results. A multilayer hybrid forecasting model was developed, including a stacked multilevel denoising autoencoder, mutual information, bidirectional long short-term memory network (LSTM), and LSTM, corresponding to the above four model elements. Based on the forecasting results, improved episodic deep reinforcement learning was used to build a stochastic optimal scheduling strategy for the EMS, which could realize rapid propagation of reward values and achieve stable updating of episodic memory, effectively improving sample efficiency. The objective of optimizing the scheduling was to obtain the lowest operational cost. Finally, the uncertainties in the forecasting process were analyzed using the Latin hypercube sampling method, and a regular vine copula was used to determine the dependence of the uncertainty analysis between buildings. To the best of our knowledge, this is the first study to consider dependence in the uncertainty analysis of a campus microgrid. The performance of the proposed method was evaluated by comparing it with other existing models, aiming to obtain more efficient and stable scheduling results. © 2023 Elsevier Ltd",Include,Manajemen Energi Microgrid,Regular Vine Copula,BiLSTM;LSTM,Campus microgrid data,"Pipeline (BiLSTM/LSTM untuk prediksi supply-demand, lalu Vine Copula digunakan pada analisis ketidakpastian pada penjadwalan)",Kurangnya model penjadwalan efisien dan stabil yang memperhitungkan dependensi pada analisis ketidakpastian operasi microgrid.,,,
Yao Q.; Zhu H.; Xiang L.; Su H.; Hu A.,"Yao, Qingtao (57805208900); Zhu, Haowei (57805208800); Xiang, Ling (8951457900); Su, Hao (57219949997); Hu, Aijun (16042828600)",A novel composed method of cleaning anomy data for improving state prediction of wind turbine,10.1016/j.renene.2022.12.118,https://www.scopus.com/pages/publications/85146343424?origin=resultslist,"Improving the efficiency of wind turbine state prediction is an important goal of wind energy utilization. But much of abnormal data existing in supervisory control and data acquisition (SCADA) seriously affects the health state prediction of wind turbine. In this paper, a new composed method is proposed to clean SACAD data according to abnormal data type of wind turbine. In proposed composed method, a preprocessing method is first presented to get rid of outliers of power curve based on operational mechanism, and a new data cleaning method called TTLOF (Thompson tau-local outlier factor) is proposed to quantify particularly data points and eliminate outliers by setting correlation parameter thresholds. In TTLOF cleaning data, Empirical copula-based mutual information (ECMI) is used to select correlation parameters for anomaly characteristic assessments, and each parameter interval is divided for performing segmentation fine cleaning which can reduce the model complexity of identifying anomaly characteristics. Finally, a deep learning network which is long short-term memory (LSTM) is used to verify the effectiveness of the proposed data cleaning method. By analyzing the state monitoring results, it is shown the proposed composed method is more effective for cleaning anomy data than other methods. © 2023 Elsevier Ltd",Include,Energi Angin (Prediksi Kondisi / Pembersihan Data),Empirical Copula,LSTM,SCADA data,"Pipeline (Mutual Information berbasis Empirical Copula untuk menyeleksi fitur korelatif pada tahap pembersihan anomali, disalurkan ke LSTM)",Akurasi prediksi kesehatan turbin angin sangat dipengaruhi oleh keberadaan banyak data anomali / tidak wajar pada SCADA.,,,
M R S.; Nair A.; Somasundaram K.,"M R, Sneha (57222514555); Nair, Archana (36971116500); Somasundaram, K. (8579592200)",Spatiotemporal bias correction of satellite precipitation products using multimodel techniques over temporally coherent clusters in South Peninsular India,10.1016/j.atmosres.2025.108244,https://www.scopus.com/pages/publications/105006878811?origin=resultslist,"Satellite Precipitation Products (SPPs) provide near real-time precipitation estimates on a global scale at finer spatial resolutions, facilitating data over remote and inaccessible regions. Despite the efficiency in data acquisition, the potential application of SPPs to weather monitoring, environmental surveillance, and disaster response is still challenging due to systematic and random errors. This paper proposed different bias correction techniques assimilating the inherent attributes of Cumulative Distribution Function (CDF) matching, wavelet decomposition, Copula and a Recurrent Neural Network (RNN) known as Long Short-Term Memory (LSTM). Daily precipitation over 10 temporally coherent clusters in South Peninsular India (SPI), estimated by four multisatellite products such as CMORPH, IMERG-E, IMERG-L and IMERG-F were bias corrected with high-resolution reanalysis dataset known as IMDAA from 2001 to 2020. A statistical analysis of before-corrected SPPs displayed an overestimation of 200 % by IMERG products in most of the clusters and underestimation of around 50 % by CMORPH. Post bias-corrected SPPs portrayed a significant reduction in bias to an average of 5 % and root mean square error of 12 mm/day declined to 1.5 mm/day on average across clusters and methods. Furthermore, most of the methods have closely captured the distribution behaviour including wet and dry periods and extremes of the observations. The results also indicated that the performance of bias correction techniques vary depending on the elevation, terrain features and seasonal patterns within a cluster. This highlights the need to adopt cluster-specific bias correction approaches for local climatological and topographical conditions. Such tailored corrections can enhance the reliability of bias-adjusted data for hydrological applications in these regions. © 2024",Include,Meteorologi (Koreksi Bias Curah Hujan Satelit),Copula,LSTM,CMORPH;IMERG-E;IMERG-L;IMERG-F;IMDAA (South Peninsular India),"Asimilasi/Pipeline (Menggabungkan wavelet, dekomposisi Copula, dan LSTM untuk membentuk sistem koreksi bias multi-model temporal spasial)",Kesalahan sistematis dan acak pada produk presipitasi satelit yang menghambat efektivitas pemantauan cuaca dan resolusi spasial.,,,
Saeidinia M.; Haghiabi A.H.; Nazeri Tahroudi M.; Nasrolahi A.; De Michele C.,"Saeidinia, Mehri (58879912600); Haghiabi, Amir Hamzeh (25622426600); Nazeri Tahroudi, Mohammad (57201505687); Nasrolahi, Aliheidar (15754120300); De Michele, Carlo (6603663168)",Deep learning and vine copula-based sequencing: approaches under investigation for forecasting soil temperature dynamics,10.1007/s00477-025-03061-6,https://www.scopus.com/pages/publications/105012363231?origin=resultslist,"Accurate soil temperature forecasting remains challenging due to (1) capturing complex nonlinear relationships between atmospheric variables and soil thermal dynamics across depths, and (2) balancing short-term accuracy with long-term reliability under increasing climate variability. To address this, the first systematic comparison of vine copulas and deep learning models (Long Short-Term Memory (LSTMs), Convolutional Neural Networks (CNNs), Gated Recurrent Units (GRUs)) for multi-depth forecasting (5, 10, 30, and 50 cm) were presented across forecasting horizons (1, 7, 15, and 30 days) in semi-arid regions. Vine copulas were employed for their proven ability to model multivariate dependencies, while deep learning models were selected for their temporal pattern recognition capabilities. In this study, air temperature, sunshine duration, and relative humidity—selected based on Kendall's Tau—were used as input variables to evaluate model accuracy for forecasting horizons of 1, 3, 5, and 7 days (deep learning) and lag times of 1, 3, 5, and 7 days (vine copulas). Deep learning models, particularly CNNs, performed well in soil temperature forecasting. For 1-day predictions, CNNs (3-day sequence) achieved near-perfect accuracy (NSE = 0.99, RMSE = 0.43–1.11 °C) across 5–30 cm depths. Their strong performance persisted for 7-day forecasts (NSE > 0.96, RMSE < 2.19 °C), with optimal results at 30 cm (MAE = 0.67–1.14 °C). GRUs (7-day sequence) excelled in 30-day forecasts (NSE = 0.85–0.88), except at 50 cm, where LSTMs performed slightly better (NSE = 0.80). Performance declined predictably with longer horizons but maintained NSE > 0.82 across all configurations. However, the vine-based approach consistently outperformed deep learning models at various depths and time lags. The C-vine and R-vine models demonstrated the best forecasting accuracy across all depths. While deep learning reduced error rates by an average of 55%, the vine-based approach achieved even greater improvements—approximately 72%, 58%, 71%, and 72% based on RMSE values for 30-day forecasts. Overall, the vine-based method performed best at all depths with a lag-1 configuration, highlighting its potential for environmental and agricultural applications. © The Author(s), under exclusive licence to Springer-Verlag GmbH Germany, part of Springer Nature 2025.",Exclude,Pertanian dan Lingkungan (Peramalan Suhu Tanah),C-Vine Copula;R-Vine Copula,LSTM;CNN;GRU,"Atmospheric variables (air temperature, relative humidity, sunshine)",Komparasi (Pendekatan berbasis Vine-Copula dan model deep learning seperti LSTM dibangun secara terpisah dan saling dibandingkan),Hubungan nonlinier kompleks antara variabel atmosfer dan keseimbangan keakuratan suhu di ragam kedalaman tanah.,,,
Huh J.; Ha S.; Jeong S.,"Huh, Jeonggyu (57200686170); Ha, Seungwoo (59913534600); Jeong, Seungwon (59913534700)",LSTM-based dynamic correlation forecasting with economic conditions,10.1016/j.frl.2025.108425,https://www.scopus.com/pages/publications/105015887799?origin=resultslist,"Forecasting dynamic correlations among diverse financial assets, while effectively incorporating changing economic conditions, is crucial for risk management and portfolio allocation. Traditional methods often fall short due to reliance on static historical measures and limited integration of broader economic signals. This paper introduces a deep learning framework using a two-tier Long Short-Term Memory (LSTM) network to overcome these limitations. The architecture models macroeconomic indicator dynamics with dedicated LSTMs and captures their time-varying joint dependencies via an LSTM-based dynamic copula network. Trained via maximum likelihood, the model adaptively learns complex, economically-informed correlation structures. An extensive empirical study shows our LSTM-based model significantly outperforms a 1-year rolling historical correlation benchmark in out-of-sample predictive log-likelihood. The analysis identifies the volatility index (VIX), GDP growth, and inflation-related indicators as key predictive drivers, with ESG factors also adding substantial value, especially during relatively stable market periods. These findings highlight deep learning's potential to integrate economic information for more accurate and adaptive dynamic correlation forecasting. © 2025",Include,Keuangan (Manajemen Risiko dan Portofolio),Dynamic Copula,LSTM,Financial assets;Macroeconomic indicators (VIX;GDP growth;inflation;ESG),Hybrid/Embedded (Dedicated LSTM memodelkan indikator makroekonomi dengan dependensinya ditangkap melalui jaringan copula dinamis berbasis LSTM),Keterbatasan metode historis statis yang gagal menggabungkan sinyal kondisi ekonomi makro dalam memprediksi korelasi dinamis pasar.,,,
Liu J.; Cao J.,"Liu, Jie (56574669400); Cao, Jing (59739606800)",WIND TURBINE GEARBOX HEALTH STATUS ASSESSMENT BASED ON VINE COPULA BILSTM; [基于 Vine-Copula-BiLSTM 的风电机组齿轮箱状态评估],10.19912/j.0254-0096.tynxb.2023-2098,https://www.scopus.com/pages/publications/105005390181?origin=resultslist,To accurately and scientifically assess the operational condition of wind turbine gearbox，a health status assessment model based on the Vine-Copula model and Bi-directional Long Short-Term Memory（BiLSTM）algorithm is proposed. Firstly，the coupling relationships between various state parameters in the Supervisory Control and Data Acquisition（SCADA）system are analyzed using the Vine-Copula model. Then，the BiLSTM algorithm is employed to construct standard residuals under healthy conditions，which are used to assess the gearbox′s health status. Finally，real-time data are used to compute the residuals，which are compared with the standard residuals under healthy conditions. Mahalanobis distance is utilized to measure the difference between the covnputed residual and standard residual，and a health index is incorporated to categorize the gearbox’s health status into four levels：excellent，normal，attentive and poor. The results demonstrate that the model can provide early fault warnings for gearbox oil temperature overheating under various operating conditions，with lead times of 90 minutes and 1186 minutes，respectively. This model effectively enables the assessment of the operational health status of the wind turbine gearbox. © 2025 Science Press. All rights reserved.,Include,Energi Angin (Penilaian Kesehatan Gearbox Turbin),Vine Copula,BiLSTM,SCADA real-time data,"Pipeline (Vine-Copula menyeleksi parameter SCADA yang berpasangan kuat, BiLSTM mengekstrak pola untuk evaluasi residu kondisi standar)",Perlunya peringatan dini dan penilaian saintifik kondisi operasional dari gearbox turbin angin di berbagai kondisi kinerja.,,,
Lee M.C.,"Lee, Ming Che (57786092800)","Stablecoin risk – a hybrid Copula-GARCH–QT framework for early warning, tail quantiles, and co-depeg dynamics",10.1016/j.najef.2026.102654,https://www.scopus.com/pages/publications/105039248888?origin=resultslist,"This study proposes a peg-centric risk framework for USD-denominated stablecoins, combining a Q-Transformer (QT) for next-day tail quantiles with a Copula–GARCH layer for cross-asset tail dependence. All inputs and outputs are expressed in basis points around a one-dollar anchor for like-for-like comparisons across DAI, TUSD, USDC, USDP, and USDT since 2020. In addition, this study designs a family of seven peg-sensitive indicators tailored to stablecoin market mechanics – spot peg deviation, 20-day band width, intraday/high–low volatility, volume–band resonance, peg mean-reversion half-life, deviation-based momentum, and asymmetric downside depth–so that signals align naturally with VaR scale. Empirically, QT produces VaR paths that remain compact in calm periods and rise smoothly and decisively as stress builds, improving timing and readability relative to ARIMA, GBR, GRU, LSTM, and QREG. Event-aligned views show stable thresholds around exceedances and warnings emerging about three trading days in advance. Grouped SHAP reveals a consistent mechanism shaped by the above indicators: skewness and deviation persistence raise next-day tail risk; faster mean reversion suppresses it; volatility–volume resonance amplifies reach; spot deviation and band width strengthen when co-moving with the dominant drivers. Regime-split results confirm that these roles intensify under stress, supporting calibrated, interpretable VaR for both single-coin monitoring and basket-level assessment. © 2026 Elsevier Inc. All rights are reserved, including those for text and data mining, AI training, and similar technologies.",Exclude,Keuangan (Risiko Aset Kripto Stablecoin),Copula,LSTM,DAI;TUSD;USDC;USDP;USDT,"Komparasi (Sistem menggunakan hibrida Copula-GARCH-QT, sedangkan LSTM dieksklusi karena hanya menjadi model pembanding dasar/baseline)",Penilaian kerentanan metrik kestabilan pasak dan risiko tail koin kripto di masa-masa volatilitas ekstrim (stress/co-depeg).,,,
Ren H.; Li Q.; Wu Q.; Zhang C.; Dou Z.; Chen J.,"Ren, Hongbo (33568155600); Li, Qifen (55522904800); Wu, Qiong (36345033900); Zhang, Chunyan (57204640640); Dou, Zhenlan (57206491107); Chen, Jie (57729519600)",Joint forecasting of multi-energy loads for a university based on copula theory and improved LSTM network,10.1016/j.egyr.2022.05.208,https://www.scopus.com/pages/publications/85131426157?origin=resultslist,"In this study, a multi-energy loads forecasting model based on the artificial intelligence method is proposed. Firstly, based on Copula theory, the nonlinear relationship among different load types themselves, as well as other influence factors affecting the load demand such as ambient temperature etc. are analyzed. Following which, the input factors for load forecasting are selected according to the influence degree. Secondly, based on LSTM (Long Short-Term Memory) neural network model and its improved forms (Stack LSTM and Bidirectional LSTM), the multi-type load forecasting model is developed. A university campus is selected to verify the feasibility and validity of the model compared with the actual data. According to the simulation results, the Stack LSTM illustrates better prediction performance and generalization ability compared with other methods. In addition, the prediction accuracy of cooling and heating demands can be highly improved when considering the affection of electrical load. Moreover, the reduction of load time-scale may obviously increase the prediction accuracy. © 2022 The Author(s)",Include,Manajemen Energi (Peramalan Beban Multi-Energi),Copula,Stack LSTM;BiLSTM;LSTM,University campus multi-energy load data,Pipeline (Teori Copula dipakai untuk analisis nonlinier guna seleksi masukan terpenting ke pemodelan jaringan prediksi LSTM yang ditingkatkan),Kompleksitas interaksi hubungan nonlinear dari bermacam jenis tipe beban kelistrikan dan parameter cuaca.,,,
Li X.; Zheng F.; Zhao J.; Tang C.; Zhou L.; Liu Z.; Chen Z.,"Li, Xilong (60400978700); Zheng, Feng (60401462200); Zhao, Jianjian (59523697400); Tang, Cheng (60401582300); Zhou, Lingfeng (57203458462); Liu, Ziwen (60388867200); Chen, Zhenghua (60401582400)",Uncertainty interval assessment method for joint output of renewable power stations considering time-varying volatility correlations,10.1016/j.segan.2026.102157,https://www.scopus.com/pages/publications/105030235487?origin=resultslist,"The construction of wind-solar renewable power stations exhibits regional clustering characteristics. Compared with individual stations, the time-varying volatility correlations among wind and solar resources amplify the uncertainties in their joint output, leading to reduced accuracy in forecasting results. To address this, this paper proposes an uncertainty assessment method for the joint output of wind-solar stations based on the Long Short Term Memory-Generalized Auto Regressive Conditional Heteroskedasticity-Difference (LSTM-GARCH-D) model and R-vine Copula. First, a probability distribution function for wind-solar unit output uncertainty is constructed by fitting residuals using LSTM-GARCH-D. Specifically, the difference series of wind-solar point forecasts is introduced as a correction term to the traditional GARCH model to enhance residual fitting accuracy. Second, R-vine Copula functions are employed to establish interdependencies among multiple residual variables, effectively capturing time-varying volatility correlations in multi-dimensional wind-solar output. This approach resolves the challenge of jointly characterizing multi-dimensional uncertain variables and enables uncertainty assessment for coordinated wind-solar output. Finally, case studies using operational data from a regional wind-solar cluster validate the effectiveness and superiority of the proposed method. Assessing wind–solar joint output uncertainty helps select more reliable forecasts and improves dispatch decision credibility under high renewable penetration. By revealing worst-case scenarios within a reasonable prediction error range, the proposed uncertainty assessment quantitatively supports reserve capacity configuration—avoiding excessive conservatism from blind reserve expansion. It also enables dispatch optimization, reducing wind and solar curtailment and improving power system economic performance. © 2026 Elsevier Ltd.",Include,Energi Terbarukan (Penilaian Ketidakpastian Daya Pembangkit),R-Vine Copula,LSTM,Regional wind-solar cluster operational data,"Pipeline (Fungsi LSTM untuk fitting residual dan probabilitas prediksi, R-vine Copula membangun interdependensi variabel multidemensional residual)",Peningkatan ketidakpastian prediksi karena perilaku korelasi volatilitas variabel angin-surya yang berubah-ubah tiap saat (time-varying).,,,
Huang Y.; Zhang B.; Pang H.; Wang B.; Lee K.Y.; Xie J.; Jin Y.,"Huang, Yu (57189371293); Zhang, Bingzhe (57220549417); Pang, Huizhen (57226882249); Wang, Biao (57221064320); Lee, Kwang Y. (57221178078); Xie, Jiale (57188715518); Jin, Yupeng (57673538500)",Spatio-temporal wind speed prediction based on Clayton Copula function with deep learning fusion,10.1016/j.renene.2022.04.055,https://www.scopus.com/pages/publications/85129757070?origin=resultslist,"Accurate prediction of wind speed plays an important role in increasing the power generation of wind turbines and realizing efficient use of wind energy. However, due to the large number of wind turbines in the wind farm and the complex wake effects between the units, the coupling degree and spatial correlation of the wind speed of the wind turbines are increased. Accordingly, this paper proposes a wind speed prediction model based on spatio-temporal dependency analysis. The proposed model first uses long short-term memory(LSTM) neural network to predict the wind speed of each wind turbine to obtain its residuals, which can extract the time correlation of the wind-speed series; Then by applying the Clayton Copula function to analyze the correlation between the residual series and wind-speed series to get the joint-distribution function. The joint-distribution function can be used to calculate the prediction error of the wind speed and complete the wind speed prediction. The validity of the method in this work is verified using the measured wind-speed data of a wind farm. Experimental results show that the method effectively solves the problem of finding spatio-temporal dependency of wind speed and significantly improves the prediction accuracy of wind speed. © 2022 Elsevier Ltd",Include,Energi Angin (Prediksi Kecepatan Angin),Clayton Copula,LSTM,Wind farm measured wind-speed data,"Pipeline (LSTM memprediksi kecepatan awal angin untuk membentuk residual, Clayton Copula mengkalkulasi error dan distribusi probabilitasnya)",Tingkat korelasi spasial dan efek wake / bayangan yang kompleks karena menumpuknya lokasi unit-unit turbin di ladang angin.,,,
Wu X.; Zhang C.; Zhu J.; Zhang X.,"Wu, Xiaoxuan (7407060107); Zhang, Chen (56413258000); Zhu, Jun (59045120500); Zhang, Xin (55954386600)",Research on PM2.5 Concentration Prediction Based on the CE-AGA-LSTM Model,10.3390/app12147009,https://www.scopus.com/pages/publications/85137322778?origin=resultslist,"The PM2.5 index is an important basis for measuring the degree of air pollution. The accurate prediction of PM2.5 concentration has an important guiding role in air pollution prevention and control. The Pearson Correlation Coefficient (PCC) is a common index used to mine the correlation between meteorological factors and other air pollutants. However, this index cannot be used to mine non-linear correlations, nor can it quantitatively analyze the weight of each related attribute. In order to accurately explore the correlation between meteorological factors and other air pollutants and to achieve an accurate prediction of PM2.5 concentration, this paper proposes a short- and long-time memory (LSTM) network prediction model based on Copula entropy (CE) and the adaptive genetic algorithm (AGA). By calculating CE, the correlation between multiple meteorological factors and various atmospheric pollutants and PM2.5 was analyzed. The correlation of influencing factors was sorted according to the size of the correlation coefficients. The contribution rate of meteorological factors and atmospheric pollutants to PM2.5 concentration was determined, used as the weight of each influencing factor and predicted as the input data of the prediction model. In this paper, a long- and short-term memory network (LSTM) suitable for time series data was selected as the prediction model, while the selection of model parameters was taken into account, and the relevant parameters were sought by an adaptive genetic algorithm (AGA). The air pollutant data and meteorological data of Beijing from 1 January 2016 to 31 December 2016 were selected, and MAE and RMSE were used as evaluation indexes. By comparing the experimental results of the CE-AGA-LSTM with those of other eight prediction models (LR, SVM, RF, ARMA, ST-LSTM, LSTM, CE-LSTM and CE-RNN), we found that among the models, the CE-AGA-LSTM model provided the lowest MAE and RMSE values, i.e., 14.5 and 21.88, respectively. At the same time, the loss rate and accuracy of the CE-AGA-LSTM model were evaluated, and the experimental results verified the validity of the model. © 2022 by the authors.",Include,Lingkungan (Prediksi Konsentrasi Udara PM2.5),Copula Entropy (CE),LSTM,"Air pollutant and meteorological data (Beijing, China)",Pipeline (Entropi Copula mengkuantifikasi korelasi antara faktor-faktor menjadi pembobotan yang disalurkan sebagai set input AGA-LSTM),Keterbatasan korelasi linier (Pearson) dalam menimbang kontribusi faktor polutan udara dan meteorologis secara non-linear.,,,
Yang X.; Ye T.; Fan L.,"Yang, Xiyun (14030797000); Ye, Tianze (57208335214); Fan, Liwei (57223108129)",Recognition of blade icing state based on vine-Copula model and LSTM-Autoencoder algorithm,10.1063/5.0043444,https://www.scopus.com/pages/publications/85104836537?origin=resultslist,"Blade icing of a wind turbine will affect the startup performance of the blades, resulting in the loss of power generation of the wind turbine, and even affect the safety of production and operation. In order to reflect the blade icing state of wind turbines as truthfully and objectively as possible, this paper proposes a wind turbine blade icing state recognition model based on the combination of vine-Copula network model and Long Short-Term Memory (LSTM)-Autoencoder algorithm. First, the vine-Copula model is used to analyze the correlation between the various parameters in supervisory control and data acquisition (SCADA) system and the blade icing state, thereby constructing a high-dimensional vine-Copula structure. Then, removing the features that are not directly related to the blade icing state, the final vine-Copula model and related features are obtained. The filtered features are input into the LSTM-Autoencoder algorithm, then the “memory” function and non-linear feature extraction capabilities of the LSTM-Autoencoder algorithm are used to obtain the evaluation results of the blade icing state of wind turbines. The experimental results show that the indicators of the wind turbine blade icing state recognition based on this method are overall better than the indicators of the Recurrent Neural Network-Autoencoder algorithm without feature reduction and the LSTM-Autoencoder algorithm without feature reduction and traditional classification algorithms. © 2021 Author(s).",Include,Energi Angin (Pengenalan Beku Es Pada Bilah Turbin),Vine Copula,LSTM-Autoencoder,SCADA data,"Pipeline (Vine-Copula mengukur dependensi multi-variabel untuk menyaring fitur-fitur, selanjutnya data divaluasi klasifikasinya oleh LSTM-Autoencoder)",Penurunan kinerja startup dan kehilangan produksi daya yang tidak bisa dihindarkan saat pembentukan formasi es pada turbin.,,,
Wang G.; Li H.; Yang X.; Lu H.; Song X.; Li Z.; Wang Y.,"Wang, Guodong (60386558300); Li, Haiyang (58670855100); Yang, Xiao (59506691300); Lu, Huayong (57191294542); Song, Xiao (59506902300); Li, Zheng (57299613000); Wang, Yi (7601514691)",Multi-Objective Site Selection and Capacity Determination of Distribution Network Considering New Energy Uncertainties and Shared Energy Storage of Electric Vehicles,10.3390/electronics14010151,https://www.scopus.com/pages/publications/85214485889?origin=resultslist,"In recent years, the share of renewable energy in the distribution network has been increasing. To deal with high renewable energy penetration, it is important to improve the energy efficiency and stability of the distribution network. In this paper, the optimal configuration of a distribution network with a high proportion of new energy and electric vehicles is investigated. Firstly, based on the copula theory, the clustered new energy data are obtained by optimizing the wind and solar output scenarios. Secondly, the uncertainty of renewable energy output is fully considered in the planning stage of the distribution network. Subsequently, an improved multi-objective particle swarm optimization algorithm is adopted to determine the optimal capacity and location of charging stations. Finally, the IEEE 33-node distribution network is used for case analysis. Through the comparison of network loss, voltage change, and other related parameters, the advantages of shared energy storage characteristics of electric vehicles in smoothing the uncertainty of the high proportion of new energy are verified. © 2025 by the authors.",Exclude,Jaringan Distribusi (Lokasi dan Penentuan Kapasitas Baterai Listrik EV),Copula,-,IEEE 33-node distribution network data,- (Pemodelan ini menggunakan Copula tanpa melibatkan arsitektur LSTM),Optimasi penetrasi energi terbarukan sembari menyeimbangkan beban dari pengisian daya baterai kendaraan listrik massal (EV).,,,
Zhang C.; Nong X.; Behzadian K.; Campos L.C.; Chen L.; Shao D.,"Zhang, Chi (60385176800); Nong, Xizhi (57195331579); Behzadian, Kourosh (23972596800); Campos, Luiza C. (14043273200); Chen, Lihua (55739247700); Shao, Dongguo (9248517100)","A new framework for water quality forecasting coupling causal inference, time-frequency analysis and uncertainty quantification",10.1016/j.jenvman.2023.119613,https://www.scopus.com/pages/publications/85178065050?origin=resultslist,"Accurate forecasting of water quality variables in river systems is crucial for relevant administrators to identify potential water quality degradation issues and take countermeasures promptly. However, pure data-driven forecasting models are often insufficient to deal with the highly varying periodicity of water quality in today's more complex environment. This study presents a new holistic framework for time-series forecasting of water quality parameters by combining advanced deep learning algorithms (i.e., Long Short-Term Memory (LSTM) and Informer) with causal inference, time-frequency analysis, and uncertainty quantification. The framework was demonstrated for total nitrogen (TN) forecasting in the largest artificial lakes in Asia (i.e., the Danjiangkou Reservoir, China) with six-year monitoring data from January 2017 to June 2022. The results showed that the pre-processing techniques based on causal inference and wavelet decomposition can significantly improve the performance of deep learning algorithms. Compared to the individual LSTM and Informer models, wavelet-coupled approaches diminished well the apparent forecasting errors of TN concentrations, with 24.39%, 32.68%, and 41.26% reduction at most in the average, standard deviation, and maximum values of the errors, respectively. In addition, a post-processing algorithm based on the Copula function and Bayesian theory was designed to quantify the uncertainty of predictions. With the help of this algorithm, each deterministic prediction of our model can correspond to a range of possible outputs. The 95% forecast confidence interval covered almost all the observations, which proves a measure of the reliability and robustness of the predictions. This study provides rich scientific references for applying advanced data-driven methods in time-series forecasting tasks and a practical methodological framework for water resources management and similar projects. © 2023 Elsevier Ltd",Include,Lingkungan (Prediksi Kualitas Air Total Nitrogen),Copula,LSTM,Danjiangkou Reservoir monitoring data (China),Pipeline (Rangkaian prediksi LSTM dan Wavelet menggunakan Copula secara spesifik di post-processing untuk pengkuantifikasian interval ketidakpastian),Kurangnya reliabilitas model pure data-driven (mandiri) saat menghadapi perubahan dinamika ekosistem dari kualitas air sungai/danau.,,,
Gholami H.; Mohammadifar A.; Malakooti H.; Esmaeilpour Y.; Golzari S.; Mohammadi F.; Li Y.; Song Y.; Kaskaoutis D.G.; Fitzsimmons K.E.; Collins A.L.,"Gholami, Hamid (57193791911); Mohammadifar, Aliakbar (57218220250); Malakooti, Hossein (56086615300); Esmaeilpour, Yahya (57235745700); Golzari, Shahram (15042056400); Mohammadi, Fariborz (57747519500); Li, Yue (56184011100); Song, Yougui (8453334000); Kaskaoutis, Dimitris G. (6508260037); Fitzsimmons, Kathryn Elizabeth (55889793300); Collins, Adrian L. (59861482200)",Integrated modelling for mapping spatial sources of dust in central Asia - An important dust source in the global atmospheric system,10.1016/j.apr.2021.101173,https://www.scopus.com/pages/publications/85113777270?origin=resultslist,"Spatial mapping of dust sources in arid and semi-arid regions is necessary to mitigate on-site and off-site impacts. In this study, we apply a novel integrated modelling approach including leave one feature out (LOFO) – as a technique for feature selection -, deep learning (DL) models (gcForest and bidirectional long short-term memory (Bi-LSTM)), game theory (GT) and a Gaussian copula-based multivariate (GCBM) model for mapping dust sources in Central Asia (CA). Eight factors (precipitation, cation exchange capacity, bulk density, wind speed, slope, silt content, lithology and coarse fragment content) were selected by LOFO as effective for controlling dust emissions, and were used in the novel modelling process. Six statistical indicators were utilized to assess the performance of the two DL models and a hybrid copula-gcForest model, while a sensitivity analysis of the models was also carried out. The hybrid copula-gcForest model was identified as the most accurate, predicting that 16%, 7.1%, 9.5% and 67.4% of the study area is grouped at low, moderate, high and very high susceptibility classes for dust emissions, respectively. Based on permutation feature importance measure (PFIM) and Shapely Additive exPlanations (SHAP), bulk density, precipitation and coarse fragment content were evaluated as the three most important factors with the highest contributions to the predictive model output. The study area suffers from intense wind erosion and the generated spatial maps of dust sources may be helpful for mitigating and controlling dust phenomena in CA. © 2021 Turkish National Committee for Air Pollution Research and Control",Exclude,Lingkungan / Atmosfer (Pemetaan Spasial Sumber Debu),Gaussian Copula,Bi-LSTM,Environmental mapping factors (Central Asia),"Komparasi (Copula secara hybrid diintegrasikan dengan gcForest, sementara Bi-LSTM berdiri sebagai pembanding terpisah tanpa integrasi Copula-LSTM)",Memitigasi ancaman erosi angin dan melokalisasi dampak di area berisiko tinggi paparan sumber debu di daratan semi-kering (arid).,,,
Huynh V.; Ta B.Q.,"Huynh, Vu (57833147100); Ta, Bao Quoc (57191732666)",Black–Litterman portfolio optimization based on GARCH–EVT–Copula and LSTM models,10.1007/s10479-025-06597-6,https://www.scopus.com/pages/publications/105003148046?origin=resultslist,"In constructing diversified portfolios, the investors might be interested in incorporating some quantifiable views or opinions. The Black–Litterman model is a useful approach to integrate investors’ views into the Markowitz allocation model. In this paper we utilize a deep learning model to estimate the investors’s views and use GARCH–EVT–Copula to model the dependence structure between stock market returns in a large portfolio. The findings show that the Black–Litterman model for portfolio optimization based on GARCH–EVT–Copula and LSTM (Long Short Term Memory) models gives better performances as compared with the traditional max-Sharpe and the original Black–Litterman portfolio problems. © The Author(s), under exclusive licence to Springer Science+Business Media, LLC, part of Springer Nature 2025.",Exclude,Optimasi Portofolio,GARCH–EVT–Copula,LSTM,Return pasar saham,Pipeline: LSTM mengestimasi pandangan investor dalam struktur Copula,Sulitnya mengintegrasikan pandangan kuantitatif investor ke model alokasi aset tradisional,,,
Cui Z.; Guo S.; Hu C.; Yin J.,"Cui, Zhen (57360396300); Guo, Shenglian (55488888800); Hu, Caihong (56267117300); Yin, Jiabo (57188711722)",Risk analysis of real-time reservoir scheduling decisions based on probabilistic inflow process forecasting,10.1016/j.eswa.2025.130836,https://www.scopus.com/pages/publications/105034462300?origin=resultslist,"The uncertainties of inflow forecasts pose significant challenges to real-time reservoir scheduling decisions and risk assessment. This study proposed a novel method for risk analysis of real-time reservoir scheduling decisions that integrates inflow process forecasting uncertainties. A three-member ensemble inflow forecasting scheme was constructed for the Three Gorges Reservoir, and the uncertainty of inflow process forecasts was quantified based on the Copula-based Transition Density Bayesian Model Averaging (CTD-BMA) and the Gaussian Copula Approach (GCA)-based probabilistic inflow process forecasting. A coupled feature-temporal dual-attention mechanism Long Short-Term Memory (DA-LSTM) neural network scheduling model was constructed to make the real-time reservoir scheduling decisions. Combining the forecasted inflow process ensembles with the DA-LSTM scheduling decisions, the forecasted water level processes were calculated based on the water balance principle, thereby evaluating the rationality of scheduling decisions through the probability of exceeding target water levels. The results demonstrated that the CTD-BMA and GCA methods can achieve reliable probabilistic inflow process forecasts and generate inflow process ensembles with temporal correlation structures. The proposed risk analysis method successfully reflects the water level exceeding risks associated with different scheduling decisions in a probabilistic form, providing an intuitive and reliable reference for decision-makers. This study offers a new perspective on integrating probabilistic forecasting with reservoir scheduling decisions. © 2025 Elsevier Ltd. All rights are reserved, including those for text and data mining, AI training, and similar technologies.",Exclude,Penjadwalan Waduk,Gaussian Copula Approach (GCA),DA-LSTM,Inflow Three Gorges Reservoir,Pipeline: Copula untuk kuantifikasi ketidakpastian input DA-LSTM,Ketidakpastian prediksi aliran masuk menyulitkan keputusan real-time,,,
Yang H.; Kang F.; Yang F.; Li J.; Zheng T.; Qin P.,"Yang, Haitao (57188960837); Kang, Fengxin (54404808800); Yang, Fan (59609371900); Li, Jialong (57222244593); Zheng, Tingting (57200381118); Qin, Peng (58928728500)",Impact and evolution of hydrological drought in Dagu River Basin under the shared socioeconomic pathways,10.1038/s41598-026-36042-y,https://www.scopus.com/pages/publications/105029554734?origin=resultslist,"The development of the coastal economy, coupled with global climate change, has gradually made drought one of humanity’s major disasters. It causes significant harm to both the natural environment and the socioeconomic development of coastal areas. This study aims to combine deep learning algorithms and CMIP6 models to build a prediction method for hydrological drought under climate change in this area. The changes of regional hydrological drought in mid-century and late-century were analyzed, and the hydrological drought was calculated using Standardized Runoff Index (SRI) at different time scales. And then we use the copula function to calculate the joint recurrence period of mid-century hydrological drought. In this study, a better simulation algorithm EMD-LSTM was constructed to predict the change of hydrological drought in the Dagu River Basin in mid-century and late-century. The results show that the relative change in annual precipitation varied from 11 to 25% compared with the historical averages across both the mid- and late-century periods. Meanwhile, monthly average temperatures were all higher than historical averages, with a maximum increase of 3.8 °C (in the late-century under SSP5-8.5). The future trend of drought under different scenarios showed alternating dry and wet characteristics. Drought conditions were more severe in the mid-century compared to the end of the late-century. As the time scale increased, drought intensity decreased, but drought duration increased. This study provides a new potential method for accurate prediction of drought, offering a scientific basis for water resource management and protection. © The Author(s) 2026.",Exclude,Kekeringan Hidrologis,"Clayton, G-H, Frank, t-Copula, Normal",EMD-LSTM,Basin Sungai Dagu (Cina),Pipeline: LSTM memprediksi aliran; Copula menghitung periode ulang joint,Analisis univariat gagal menangkap interdependensi atribut kekeringan,,,
Xu B.; Chen Z.; Su H.; Zhang H.; Xu P.; Wang S.,"Xu, Bo (57226465973); Chen, Zeyuan (58564513400); Su, Huaizhi (8261698000); Zhang, Hu (58564261400); Xu, Pengcheng (57189304424); Wang, Shaowei (60025667000)",Measured displacement data-driven efficient interpretation and real-time risk assessment method for the service performance of arch dams with cracks,10.1016/j.ress.2025.111377,https://www.scopus.com/pages/publications/105008507641?origin=resultslist,"Current methods for predicting arch dam displacement rarely consider the impact of cracks on displacement and the interpretability of factors, nor do they reasonably assess the risk probability of arch dam. To address these issues, first, clustering partitions are conducted based on the Ward criterion, and the comprehensive displacement is obtained through the Criteria Importance Through Intercriteria Correlation (CRITIC) method. Secondly, considering the impact of cracks, a displacement monitoring model HSCT is constructed, and feature selection for the HSCT model factors is performed using the Max-Relevance and Min-Redundancy (mRMR), while Kernel Principal Component Analysis (KPCA) is utilized for feature extraction of crack factors. Furthermore, to enhance interpretability, an attention mechanism is incorporated into the Convolutional Neural Network with Long Short-Term Memory (CNN-LSTM) model, establishing a CNN-LSTM-Attention model to predict comprehensive displacement and visualize the importance of influencing factors. Finally, Kernel Density Estimation (KDE) is applied to the residuals of the comprehensive displacement, and a multivariate Copula function is used to construct the joint distribution to calculate the overall risk rate. The results indicate that the proposed methods and models are reasonable and feasible, providing scientific basis and technical support for the health diagnosis of hydraulic structures. © 2025 Elsevier Ltd",Include,Keamanan Bendungan,Multivariate Copula,CNN-LSTM-Attention,Perpindahan bendungan busur,Pipeline: Copula memodelkan distribusi joint dari residual prediksi LSTM,Jarang mempertimbangkan dampak retakan dan interpretabilitas faktor risiko,,,
Wang J.; Xu W.; Zhang Y.; Dong J.,"Wang, Jujie (36550718400); Xu, Wenjie (57217154243); Zhang, Yue (57839834600); Dong, Jian (57555668300)",A novel air quality prediction and early warning system based on combined model of optimal feature extraction and intelligent optimization,10.1016/j.chaos.2022.112098,https://www.scopus.com/pages/publications/85128476419?origin=resultslist,"An effective air pollution prediction is of great significance to prevent and control air pollution and protect the health of residents. In order to improve the prediction accuracy of PM2.5, an innovative PM2.5 concentration prediction and early warning system based on optimal feature extraction and intelligent optimization is developed in this study. First, a feedback variational modal decomposition algorithm is designed to decompose the PM2.5 concentration sequence and fuzzy entropy is used to reconstruct the patterns of similar complexity. Then, Copula entropy is used to select the influencing factors with a high impact on PM2.5. Next, the reconstructed components and influencing factors are inputted to three individual prediction models, including long short-term memory neural network, gated recurrent unit neural network, and temporal convolutional network, for training and multi-step short-term prediction. The results of the individual prediction models are nonlinearly combined by Gaussian process regression which is optimized by the multi-objective grey wolf optimization algorithm. Finally, the prediction results of different reconstructed components are nonlinearly integrated to obtain the final PM2.5 prediction results. In an empirical study of two Chinese cities, the combined prediction model proposed in this study outperformed the other six comparative models in terms of prediction accuracy and stability. The experimental results prove that the hybrid prediction model proposed in this paper can make an effective prediction and early warnings of air pollution. © 2022 Elsevier Ltd",Include,Kualitas Udara (PM2.5),Copula Entropy (CopulaEn),LSTM (bersama GRU & TCN),PM2.5 Shanghai & Guangzhou,Pipeline: CopulaEn digunakan untuk seleksi fitur sebelum input ke LSTM,Sistem prediksi saat ini masih rendah akurasi dan stabilitasnya,,,
Li Y.; Liu X.; Xing F.; Wen G.; Lu N.; He H.; Jiao R.,"Li, Yuzhi (57225222083); Liu, Xiaoliang (57207885191); Xing, Fangfang (56825194800); Wen, Guoqiang (57225202405); Lu, Nanyan (57218993337); He, Hui (56303064100); Jiao, Runhai (8886831700)",Daily Peak Load Prediction Based on Correlation Analysis and Bi-directional Long Short-term Memory Network; [基于Bi-LSTM和特征关联性分析的日尖峰负荷预测],10.13335/j.1000-3673.pst.2020.1390,https://www.scopus.com/pages/publications/85109569735?origin=resultslist,"In recent years, the imbalance between the power supply and demand during the peak load periods has become increasingly prominent, increasing the costs of the power grid operation. A daily peak load forecasting method based on Bi-LSTM (bi-directional long short-term memory) and the feature correlation analysis is proposed to improve the prediction performance. Some descriptive and curve indicators are used to analyze the daily peak load characteristics of the users in different industries and the Copula function is applied to analyze the connection between the multi-dimensional time series data quantitatively. The bi-directional long and short-term memory network model is constructed to predict the magnitude of the daily peak load in the future. Due to the common existence of the multi-peak feature in electricity regularity, the continuous historical occurrence moments are converted into several discrete time periods and then the load occurrence forecasting is carried out based on the result of magnitude prediction and the XGBoost algorithm. Experimental results on the real dataset show that the proposed model has high prediction accuracy for the high-value load and contributes to improve the capabilities of the ""peak shaving and valley filling"" and other power supply services for the power grids. © 2021, Power System Technology Press. All right reserved.",Include,Beban Puncak Listrik,Copula Function,Bi-LSTM,Data grid beban harian,Pipeline: Copula untuk analisis korelasi fitur sebelum input Bi-LSTM,Ketidakseimbangan suplai-permintaan meningkatkan biaya operasional grid,,,
,,"22nd Pacific-Asia Conference on Advances in Knowledge Discovery and Data Mining, PAKDD 2018",,https://www.scopus.com/pages/publications/85049373385?origin=resultslist,The proceedings contain 164 papers. The special focus in this conference is on Advances in Knowledge Discovery and Data Mining. The topics include: Automatic Chinese reading comprehension grading by LSTM with knowledge adaptation; data mining with algorithmic transparency; cost-sensitive reference pair encoding for multi-label learning; Fuzzy integral optimization with deep Q-network for EEG-based intention recognition; heterogeneous domain adaptation based on class decomposition schemes; a deep neural spoiler detection model using a genre-aware attention mechanism; robust semi-supervised learning on multiple networks with noise; ε -distance weighted support vector regression; corrosion prediction on sewer networks with sparse monitoring sites: A case study; CAPED: Context-aware powerlet-based energy disaggregation; social stream classification with emerging new labels; rolling forecasting forward by boosting heterogeneous kernels; IDLP: A novel label propagation framework for disease gene prioritization; deep learning for forecasting stock returns in the cross-section; vine copula-based asymmetry and tail dependence modeling; detecting forged alcohol non-invasively through vibrational spectroscopy and machine learning; research and application of mapping relationship based on learning attention mechanism; Human identification via unsupervised feature learning from UWB radar data; prescriptive analytics through constrained bayesian optimization; neighborhood constraint matrix completion for drug-target interaction prediction; detecting hypopnea and obstructive apnea events using convolutional neural networks on wavelet spectrograms of nasal airflow; exploiting anti-monotonicity of multi-label evaluation measures for inducing multi-label rules; deep ensemble classifiers and peer effects analysis for churn forecasting in retail banking; GBTM: Graph based troubleshooting method for handling customer cases using storage system log; learning treatment regimens from electronic medical records.,Exclude,---------------,--------------,------------,---------,-----------,------------,,,
Wu H.; Su X.; Qi J.; Zhang T.; Zhu X.; Wu L.,"Wu, Haijiang (57213003462); Su, Xiaoling (7402181937); Qi, Jixia (57826082300); Zhang, Te (57218365280); Zhu, Xingyu (58189678600); Wu, Lianzhou (56547657000)",Prediction and application of monthly streamflow based on Vine Copula coupled Bayesian model averaging; [Vine Copula 与贝叶斯模型平均结合的月径流预测及应用],10.11975/j.issn.1002-6819.2022.24.008,https://www.scopus.com/pages/publications/85152898077?origin=resultslist,"Streamflow (channel runoff) is one of the paramount components in the hydrological cycle from the land to waterbodies. Reliable prediction of monthly streamflow in the long lead time is of great significance for the water resource allocation, flood defense, drought mitigation, and ecological environment. The streamflow over time is closely related to precipitation, temperature, potential evapotranspiration, and antecedent streamflow. Fortunately, vine copulas can easily establish the multivariate distribution function by decomposing multidimensional variables into pair copula constructions. And, the Bayesian Model Averaging (BMA) provides outstanding advantages in multi-model ensemble prediction. In this study, a novel streamflow prediction model was proposed to integrate the multiple vine copula models with BMA, (i.e., Bayesian model averaging ensemble Vine Copula (BVC) model). The monthly streamflow predictions of Tangnaihai, Minhe, Hongqi, and Zheqiao hydrological stations in the upstream of Yellow River basin were selected as four cases. The spatial average of precipitation, temperature, and potential evapotranspiration data were calculated across the watershed controlled by each hydrological station. The precipitation, temperature, potential evapotranspiration, and streamflow in each month were firstly fitted with the best marginal distribution functions from the pool of Normal, Gamma, Weibull, and Log-Normal functions. The vine copulas model was leveraged to couple these variables (incorporated four explainable variables and a predicted variable) under five-dimensional situations. The BMA was then employed to combine the streamflow predictions of these candidate vine copula models to reduce the uncertainties caused by distinct variable ordering of individual vine copula model. Finally, the Random Forest (RF) model and the Long Short-Term Memory neural network (LSTM) model were adopted as two reference models. The results show that the best-fitted marginal distributions for precipitation, temperature, potential evapotranspiration, and streamflow were Gamma, Normal, Weibull, and Log-Normal based on the chi-square test, respectively. The minimum coefficient of the determination (R2) (Nash-Sutcliffe Efficiency coefficient (NSE)) was all above 0.83 (0.78) and the Root Mean Squared Error (RMSE) was all sustained at a lower level for the 1-3-month lead streamflow predictions using the BVC model during the validation period (1963-2006). Compared with the RF model, the BVC model greatly was captured the variations in the monthly streamflow at these hydrological stations, especially for the extreme streamflow. The prediction performances of BVC and RF models were further evaluated by leveraging the precipitation, temperature, potential evapotranspiration, and streamflow time series over the driest and wettest seasons (corresponding to the average lowest and highest streamflow of three consecutive months during 1963-2006, respectively). Among them, the driest season was found in the January-March period at four hydrological stations; the wettest season was in the July-September period at the Tangnaihai and Hongqi hydrological stations, whereas the Minhe and Zheqiao hydrological stations were found in the August-October period. Similarly, in comparison with the RF model, the BVC model yielded a better performance for streamflow predictions with 1-3-month lead times during the driest and wettest seasons, and the minimum R2 (NSE) values all exceeded 0.57 (0.61). Moreover, the BVC model also outperformed the RF and LSTM models for the 1-3-month lead times during the validation period (2007-2016), in terms of R2, NSE, and RMSE. The findings can provide a theoretical framework for streamflow prediction, and can serve as a guidance for water resources management and risk assessment. © 2022 Chinese Society of Agricultural Engineering. All rights reserved.",Exclude,Aliran Sungai,Vine Copula & BMA,LSTM (Pembanding),Sungai Kuning,Terpisah,LSTM hanya digunakan sebagai model referensi/pembanding,,,
Zeng L.; Huang J.; Lin X.,"Zeng, Li (57889648100); Huang, Jinghui (60375336000); Lin, Xinwen (60375336100)",LSTM-augmented vine copula modelling for energy-finance contagion analysis,10.1038/s41598-026-37150-5,https://www.scopus.com/pages/publications/105029597449?origin=resultslist,"Amid mounting geopolitical tensions and rapid transformations in global energy dynamics, the transmission of risk between energy and financial systems has become a pressing concern in safeguarding financial stability. This study introduces a unified modelling framework that fuses artificial intelligence with wavelet decomposition, volatility modelling and copula theory to uncover evolving tail dependencies and contagion pathways across crude oil, renewable energy, and financial markets. We enhance the conventional three stage methodology, which consists of the Maximum Overlap Discrete Wavelet Transform, ARMA EGARCH filtering, and Vine Copula modelling, by integrating a Long Short Term Memory neural network. Our empirical investigation, leveraging daily observations from global oil benchmarks, clean energy indices, and financial sector metrics, uncovers pronounced shifts in tail dependencies and contagion intensities during turbulent periods. The prospective volatility signal generated by the LSTM strengthens the model’s ability to capture time varying tail behavior and nonlinear contagion. Using daily data from 2015 to 2025, the framework reveals strong short run asymmetry, with downside contagion dominating, while medium term dynamics show gradual structural adjustments. Out sample tests indicate that the enhanced model outperforms DCC, rolling copulas, GRU and attention-based networks in forecasting tail dependence. Event driven spillover analysis further shows that major shocks reshape transmission routes and shift contagion hubs across markets. By combining deep learning signals with interpretable dependence and network analysis, the framework offers a concise and effective tool for monitoring systemic risks and supporting stress testing and macroprudential supervision. © The Author(s) 2026.",Include,Penularan Risiko Finansial,Conditional Vine Copula,LSTM (Sinyal Volatilitas),"WTI Crude Oil, Indeks Energi & Finansial",Embedded: Sinyal volatilitas LSTM menjadi kovariat dinamis parameter Copula,Model statis gagal menangkap pergeseran rezim mendadak saat krisis,,,
Kumar S.; Saluja K.; Pandey D.; Chandra S.; Silori R.; Giri B.S.,"Kumar, Sanjeev (57213855997); Saluja, Karandeep (60172953600); Pandey, Dilkeshwar (54080004300); Chandra, Saurav (60173201500); Silori, Rahul (57212484461); Giri, Balendu Shekher (35091120500)",Sustainable computing using machine learning and copula-based modelling for drought classification from meteorological features,10.1007/s12040-025-02677-0,https://www.scopus.com/pages/publications/105021120981?origin=resultslist,"This paper aims to use sustainable computing through modern statistical approaches for drought event classification. By utilizing advanced methodologies such as multivariate analysis, it seeks to investigate further the intricate associations between meteorological variables. The objective of this approach is not only to improve the accuracy and interpretability of the models for predicting drought but also to help understand hidden details on intricate interconnections that regulate drought conditions. In studying this, valuable information can be added concerning the joint distribution of the climatic features that will consequently assist in the enhancement of understanding regarding drought dynamics, which may lead to better drought management and mitigation strategies. © Indian Academy of Sciences 2025.",Exclude,Klasifikasi Kekeringan,Multivariate Analysis,-,Fitur Meteorologi,-,Tidak secara spesifik mengintegrasikan LSTM dalam teks yang tersedia,,,
Kossieris P.; Tsoukalas I.; Nikolopoulos D.; Moraitis G.; Makropoulos C.,"Kossieris, Panagiotis (56436732700); Tsoukalas, Ioannis (56400687400); Nikolopoulos, Dionysios (57201978205); Moraitis, Georgios (57217089800); Makropoulos, Christos (55953606300)",Probabilistic Forecasting of Hourly Water Demand †,10.3390/engproc2024069100,https://www.scopus.com/pages/publications/85218126268?origin=resultslist,"Timeseries forecasting holds a prominent position in the domain of urban water systems. Most forecasting approaches are designed to provide single-point deterministic forecasts, neglecting the uncertainty in model predictions. In this work, we propose a methodological framework, able to provide probabilistic predictions over lead times of operational interest, by combining machine learning (ML) methods with multivariate statistics (i.e., copulas). The idea is that ML methods can be used to provide deterministic forecasts, and copulas can be used to quantify the predictive uncertainty of the forecasts. We showcase the effectiveness of proposed framework using hourly water demand data from a real-world case study. © 2024 by the authors.",Exclude,Kebutuhan Air,Copulas,ML (General),Data per jam,-,Tidak menyebutkan LSTM secara eksplisit dalam ringkasan metodologi,,,
Neto A.; Ferreira T.; Firmino P.,"Neto, Ademir (57214246473); Ferreira, Tiago (7005531101); Firmino, Paulo (14828798600)",Increasing Time Series Forecasting Performance with Dynamic System Copula-Based Ensemble Models,10.1007/978-3-032-15984-7_5,https://www.scopus.com/pages/publications/105029545846?origin=resultslist,"Time series forecasting has significantly benefited from ensemble models, which consistently outperform individual approaches by combining predictions from diverse methodologies. This paper proposes a novel ensemble framework based on the copula formalism, enabling dynamic selection of copula functions tailored to the characteristics of each dataset. Our approach integrates three widely recognized forecasting models: ARIMA, Multilayer Perceptron (MLP), and Long Short-Term Memory (LSTM) neural networks and applies them to five key financial time series: Petrobras, Google, Nasdaq, S&P500, and the GBT to USD exchange rate. The ensemble combines predictions using multiple copula functions and compares their performance against traditional ensemble methods, such as simple average, simple median, and MLP-based combination. Experimental results show that the proposed system achieves mean absolute percentage errors (MAPE) below 0.71, outperforming standard ensemble strategies. This improvement highlights the effectiveness of copula-based modeling as an adaptive and flexible tool for predictive fusion. We conclude that incorporating copula theory into ensemble learning brings substantial advancements in time series forecasting, as it allows dynamic model aggregation according to data behavior. The proposed method bridges statistical foundations and artificial intelligence, offering promising results in financial applications and potential for broader use across various forecasting domains. © The Author(s), under exclusive license to Springer Nature Switzerland AG 2026.",Include,Time Series Finansial,Copula Formalism,LSTM (Bagian Ensemble),"Petrobras, Google, S&P500",Pipeline: Copula digunakan untuk fusi prediktif (ensemble) model,Model ensemble standar kurang adaptif terhadap karakteristik data,,,
Zhao Q.; Liu Y.; Fan X.,"Zhao, Qifan (59959806300); Liu, Yuefei (55869368200); Fan, Xueping (55584981800)",Time-dependent reliability prediction of bridge components with the fusion of BO-LSTM and Copula theory; [BO-LSTM 和 Copula 理论相融合的桥梁构件时变可靠性预测],10.16385/j.cnki.issn.1004-4523.202309064,https://www.scopus.com/pages/publications/105017680430?origin=resultslist,"There exists the nonlinear failure correlation among the multiple monitoring points of bridge components. Considering the influence of this factor on the reliability indices of the bridge,this paper adopts the Bayesian optimized long short-term memory (BO-LSTM) network model in machine learning to dynamically predict the monitoring data of the bridge,and establishes a three-dimensional Gaussian Copula model based on Copula theory to calculate the time-varying reliability indices and failure probability of the bridge construction. The rationality of the model and method is verified by applying the monitoring data of Fumin Bridge in Tianjin. © 2025 Nanjing University of Aeronautics an Astronautics. All rights reserved.",Include,Keandalan Jembatan,3D Gaussian Copula,BO-LSTM,"Jembatan Fumin, Tianjin",Pipeline: BO-LSTM prediksi stres; Copula hitung reliabilitas,Ketergantungan kegagalan nonlinear antar titik sering diabaikan,,,
Jiang B.; Liu Y.; Xie H.,"Jiang, Bingxin (58179170500); Liu, Yu (58179140700); Xie, Hao (58179228800)",Super short-term wind speed prediction based on CEEMD decomposition and BILSTM-Transformer model,10.1109/ICPECA56706.2023.10076025,https://www.scopus.com/pages/publications/85152234169?origin=resultslist,"Wind speed has the characteristics of non-linearity, non-stationarity, intermittence and randomness. In order to improve the accuracy of wind speed prediction, this paper proposes a wind speed prediction model based on Complete Ensemble Empirical Mode Decomposition(CEEMD) and improved transformer. Firstly, CEEMD decomposition is used to reduce the instability of wind speed series and improve its predictability. Then, the BILSTM-Transformer prediction model is established for each sub-sequence obtained by decomposition. The bidirectional long-term and short-term memory artificial neural network BILSTM is used to replace the positional encoding in the transformer to extract the position characteristics of the sequence, and then the encoders in the transformer are used for prediction. Finally, the prediction results of all sub-sequences are superimposed to obtain the wind speed prediction results. Through the experiment of a domestic wind farm data, the prediction accuracy of the model in this paper is improved by 0.65 % ~ 1.47 %. The results show that the combined wind speed forecasting model has good forecasting ability and is feasible and effective in short-term wind speed forecasting. © 2023 IEEE.",Exclude,Kecepatan Angin,-,BILSTM-Transformer,Data ladang angin,-,Fokus pada dekomposisi CEEMD tanpa integrasi Copula,,,
Jiang Y.; Zhao Q.; Liu Y.; Fan X.,"Jiang, Yu (60362116100); Zhao, Qifan (59959806300); Liu, Yuefei (55869368200); Fan, Xueping (55584981800)",Time-dependent reliability prediction of bridge components based on BO-LSTM and Gaussian-Copula theory,10.1186/s43251-025-00193-1,https://www.scopus.com/pages/publications/105028993340?origin=resultslist,"In bridge health monitoring systems, there exists the dynamic nonlinear dependency of failure among the multiple monitoring points of bridge components. To investigate the impacts of this dynamic nonlinear dependency on the time-varying reliability indices of bridges, this study focuses on relevant research.It proposes a time-varying reliability prediction method for bridge components based on the monitoring data, a Bayesian optimization long short-term memory network (BO-LSTM) and Gaussian-Copula theory. The specific research contents are as follows: (1) Bridge monitoring data are first subjected to filtering, and based on the filtered monitoring signals, a BO-LSTM model is established to dynamically predict the extreme stresses of the existing bridge; (2) A trivariate Gaussian Copula model, which accounts for the dynamic nonlinear dependency of failure among three control monitoring points, is constructed to characterize the nonlinear dependencies among the monitoring data; (3) the validity of the proposed model and method is validated using monitoring data from the Fumin Bridge in Tianjin City of China. The above research results will provide the theoretical foundation and application for bridge reliability prediction and assessment. © The Author(s) 2026.",Include,Keandalan Jembatan,Trivariate Gaussian-Copula,BO-LSTM,Data stres uniaxial jembatan,Pipeline: BO-LSTM prediksi stres ekstrem; Copula untuk dependensi nonlinear,Tuning LSTM manual tidak efisien; perlunya model ketergantungan kegagalan dinamis,,,
Ma D.; Wen Y.; Zhao C.; Zhang C.,"Ma, Dongfang (58732675600); Wen, Yunliang (60350362500); Zhao, Chongxu (57059634000); Zhang, Chunjin (57199736202)",Study on Temporal Convolutional Network Rainfall Prediction Model and Its Interpretability Guided by Physical Mechanisms,10.3390/hydrology13010038,https://www.scopus.com/pages/publications/105028491880?origin=resultslist,"Rainfall, as the main driving force of natural disasters such as floods and droughts, has strong non-linear and abrupt characteristics, which makes it difficult to predict. As extreme weather events occur frequently in the Yellow River Basin, it is especially critical to reveal the physical mechanism of rainfall in the basin and integrate monthly scale meteorological data to achieve monthly rainfall prediction. In this paper, we propose a rainfall prediction model coupled with a physical mechanism and a temporal convolutional network (TCN) to achieve the prediction of monthly rainfall in the basin, aiming to reveal the physical mechanism between rainfall factors in the basin based on the transfer entropy and the multidimensional Copula function and based on the physical mechanism which is embedded into the TCN to construct a dual-driven prediction model with both physical knowledge and data, while the SHAP is used to analyze the interpretability of the prediction model. The results are as follows: (1) Temperature, relative humidity, and evaporation are key characteristic factors driving rainfall. (2) The physical mechanism features between temperature, relative humidity, and evaporation can be described by the three-dimensional Gumbel–Hougaard Copula function, with a more concentrated data distribution of their joint distribution probability. (3) The PHY-TCN model can accurately fit the extremes of the rainfall series, improving the model accuracy in the training set by 3.82%, 1.39%, and 9.82% compared to TCN, CNN, and LSTM, respectively, and in the test set by 6.04%, 2.55%, and 8.91%, respectively. (4) Embedding physical mechanisms enhances the contribution of individual feature variables in the PHY-TCN model and increases the persuasiveness of the model. This study provides a new research framework for rainfall prediction in the YRB and analyzes the physical relationship between the input data and output results of the deep learning model. It has important practical significance and strategic value for guiding the optimal scheduling of water resources, improving the risk management level of the basin, and promoting the ecological protection and high-quality development of the YRB. © 2026 by the authors.",Exclude,Prediksi Curah Hujan,Gumbel–Hougaard Copula,LSTM (Pembanding),Basin Sungai Kuning,Terpisah,Fokus pada model PHY-TCN; LSTM hanya sebagai pembanding akurasi,,,
Cao Y.; Ma R.; Zhang L.; Du X.; Liu W.; Gao Q.,"Cao, Yawen (60409624200); Ma, Rui (59747549600); Zhang, Leifeng (60409705800); Du, Xiaofei (60409297000); Liu, Wenjin (60409133400); Gao, Qixiang (59748323000)",Combining Copula Theory andMachine Learning for Prediction of Ground Vibrations Induced by Tunnel Blasting,10.23967/j.rimni.2025.10.72042,https://www.scopus.com/pages/publications/105030689322?origin=resultslist,"To effectively predict and control the peak particle velocity (PPV) induced by tunnel blasting, this study investigates the Qinhuangdao Jiaoshan Tunnel as a case study. This study first proposes an Improved Particle Swarm Optimization (IPSO) algorithm through theoretical derivation. Building upon IPSO, a further enhanced algorithm, termed CIPSO, is developed by integrating a dependency model derived from Copula theory. The CIPSO algorithm is then employed to optimize a Support Vector Regression (SVR) model, establishing the final CIPSO-SVR prediction framework. Copula theory was employed to quantify the correlation between PPV and surface cumulative settlement (S). A regularization term incorporating Kullback-Leibler (KL) divergence was then embedded into the SVR objective function. The Hyperparameters of the CIPSO-SVR model were optimized using fixed-step rolling cross-validation. Themodel's predictive performance was rigorously compared against CIPSO-optimized Convolutional Neural Network (CNN) and Long Short-Term Memory (LSTM) models, as well as against SVR, CNN, and LSTM models optimized by the GreyWolf Optimizer (GWO) and Moth-Flame Optimization (MFO) algorithms. The results show that the CIPSO-SVR model achieves superior accuracy and robustness on the test set (R2= 0.9569) in predicting PPV compared to the alternative models. Crucially, the model effectively captures the inherent nonlinear relationships of complex engineering problems, even with small-sample data. © 2025, Scipedia S.L. All rights reserved.",Exclude,Vibrasi Terowongan,Copula Theory,LSTM (Pembanding),Qinhuangdao Tunnel,Terpisah,Menggunakan CIPSO-SVR; LSTM hanya digunakan untuk uji komparasi,,,
Akçay S.; Buyrukoğlu S.; Akdağ Ü.; Güngör B.,"Akçay, Selma (56417524900); Buyrukoğlu, Selim (57190372204); Akdağ, Ünal (12794963700); Güngör, Bekir (59337428600)",PSO Based TCN Hybrid Optimization for Turbulent Heat Transfer Prediction of Multiple Synthetic Jets in Crossflow,10.1007/s40997-025-00921-y,https://www.scopus.com/pages/publications/105015075014?origin=resultslist,"The development of artificial intelligence (AI) models offers significant advantages in laborious, expensive, and long-term experimental and numerical studies. Therefore, AI methods have recently attracted considerable attention in different engineering applications. In the present work, the heat transfer performance of multiple synthetic jets immersed in crossflow on a flat target surface was researched experimentally and estimated with different deep learning models (LSTM, BiLSTM, CNN, GRU, and TCN) and particle swarm optimization (PSO). In the experiments, the effects of the main flow Reynolds number (6000 ≤ Re ≤ 40,000), oscillation amplitude (0.22 ≤ Ao ≤ 0.88), and Womersley number (11 ≤ Wo ≤ 27) on the cooling performance were analyzed. The Nusselt number (Nu), friction factor (f), and thermohydraulic performance (THP) were calculated for different flow and jet parameters. The results showed that for Re = 6000, Wo = 27, and Ao = 0.88, the synthetic jet improved the heat transfer by 2.74 times compared with the steady flow. The THP values increase with increasing synthetic jet parameters, and the highest THP is found 2.06 for Re = 6000, Wo = 27 and Ao = 0.88. Among the deep learning models based on experimental data, the TCN algorithm performed the best when optimized with PSO on data processed by COPULA. Compared with the other deep learning models, the hybrid TCN-PSO model achieves lower MAEs for Nu (5.68561), f (0.00725), and THP (0.0356). This research indicates that integrating deep learning with optimization methods is highly effective for designing models of dynamic thermal systems. © The Author(s), under exclusive licence to Shiraz University 2025.",Exclude,Heat Transfer,COPULA,LSTM (Pembanding),Data eksperimen,Terpisah,Algoritma TCN-PSO adalah yang utama; LSTM hanya model yang dibandingkan,,,
Yang W.; Jia L.; Zhou H.; Zhou Y.,"Yang, Wei (57287407300); Jia, Li (56152346700); Zhou, Hao (59725473600); Zhou, Yang (59154033200)",Photovoltaic Power Generation Prediction Based on Statistical Characteristics of Data,10.1109/JIOT.2026.3692788,https://www.scopus.com/pages/publications/105039187973?origin=resultslist,"As a prominent alternative for fossil energy, solar photovoltaic (PV) resource plays a key role during the migration process of energy supply structure. However, the prediction of its electric power production (EPP) data possesses randomness and instability due to environmental changes. Therefore, a novel framework is proposed which consists of a two-stage hierarchical clustering and optimal prediction model selection. According to the stability characteristics of EPP data, initial rough clusters are attained with Fuzzy C-means clustering through the first stage. The following second stage clustering based on hierarchical clustering is applied to finally generate three clusters of stable, weakly fluctuated and strongly fluctuated EPP data. Afterwards, three properly constructed prediction models have been implemented accordingly. A CNN-LSTM quantile regression model is proposed for the prediction of stable EPP data with consistent distributions. Yet for weakly fluctuated type, D-Vine copula quantile regression is applied to explore correlations between PV characteristics, which then helps to describe the specific distributions underneath. Since strongly fluctuated type of data tends to exhibit extreme variations and randomness, probability generation model combined with regression form of D-Vine copula could precisely establish correlations of different characteristics and hence weight the predictions to yield point prediction. Our framework addresses the PV power data with different random fluctuation characteristics by applying tailored prediction models to each type. Comparative experimental results show that the proposed framework has achieved higher prediction interval coverage, lower average interval width and comprehensive evaluation index in various scenarios, verifying its effectiveness and superiority. © 2014 IEEE.",Exclude,Tenaga Surya (PV),D-Vine Copula,CNN-LSTM (Terpisah),Produksi daya listrik,Terpisah,CNN-LSTM untuk data stabil; Copula untuk data fluktuatif (tidak integrasi satu pipeline),,,
Li X.; Zhang L.; Zeng S.; Tang Z.; Liu L.; Zhang Q.; Tang Z.; Hua X.,"Li, Xiao (56381622500); Zhang, Liping (55961730400); Zeng, Sidong (36731616500); Tang, Zhenyu (57909212600); Liu, Lina (57218687225); Zhang, Qin (57226754830); Tang, Zhengyang (57211402676); Hua, Xiaojun (57441357600)",Predicting Monthly Runoff of the Upper Yangtze River Based on Multiple Machine Learning Models,10.3390/su141811149,https://www.scopus.com/pages/publications/85138850830?origin=resultslist,"Accurate monthly runoff prediction is significant to extreme flood control and water resources management. However, traditional statistical models without multi-variable input may fail to capture runoff changes effectively due to the dual effect of climate change and human activities. Here, we used five multi-input machine learning (ML) models to predict monthly runoff, where multiple global circulation indexes and surface meteorological indexes were selected as explanatory variables by the stepwise regression or copula entropy methods. Moreover, four univariate models were adopted as benchmarks. The multi-input ML models were tested at two typical hydrological stations (i.e., Gaochang and Cuntan) in the Upper Yangtze River. The results indicate that the LSTM_Copula (long short-term memory model combined with copula entropy method) model outperformed other models in both hydrological stations, while the GRU_Step (gate recurrent unit model combined with stepwise regression method) model and the RF_Copula (random forest model combined with copula entropy method) model also showed satisfactory performances. In addition, the ML models with multi-variable input provided better predictability compared with four univariate statistical models, and the MAPE (mean absolute percentage error), RMSE (root mean square error), NSE (Nash–Sutcliffe efficiency coefficient), and R (Pearson’s correlation coefficient) values were improved by 5.10, 4.16, 5.34, and 0.43% for the Gaochang Station, and 10.84, 17.28, 13.68, and 3.55% for the Cuntan Station, suggesting the proposed ML approaches are practically applicable to monthly runoff forecasting in large rivers. © 2022 by the authors.",Exclude,Aliran Sungai Bulanan,Copula Entropy,LSTM,Stasiun Gaochang & Cuntan,Pipeline: Copula Entropy menyeleksi variabel input untuk LSTM,Model statistik tradisional gagal menangkap dampak ganda perubahan iklim,,,
Pardo B C.E.; Iglesias R O.I.; León A M.D.; Quintero M C.G.; Garnica López M.A.; Pedraza Leguizamón A.R.,"Pardo B, Carlos E. (60115413500); Iglesias R, Oscar I. (60115364200); León A, Maicol D. (60115310200); Quintero M, Christian G. (59407946800); Garnica López, Miguel Andrés (57217635074); Pedraza Leguizamón, Andrés Ricardo (60161290000)",Naval AI-Based Utility for Remaining Useful Life Prediction and Anomaly Detection for Lifecycle Management,10.3390/systems13100845,https://www.scopus.com/pages/publications/105020187915?origin=resultslist,"This work presents the development of an intelligent system designed to support the predictive maintenance of the Colombian Navy’s maritime vessels through the estimation of remaining useful life and unsupervised anomaly detection, within the framework of the project called “Colombian Integrated Platform Supervision and Control System” (SISCP-C). This project seeks to guarantee the sustainability of the vessels over time, increase their operational availability, and optimize their life cycle cost, in accordance with the institution’s strategic direction established in the Naval Development Plan 2042. The system provides useful information to the crew, enabling informed decision-making for intelligent and efficient maintenance strategies. To address the limited availability of normal operating data, synthetic data generation techniques with seeding are implemented, including tabular variational autoencoders, conditional tabular generative adversarial networks, and Gaussian copulas. Among these, tabular variational autoencoders achieved the best performance and are used to generate synthetic datasets under normal conditions for the Wärtsilä 6L26 diesel engine (manufactured by Wärtsilä Italia S.p.A., Trieste, Italy). These datasets are used to train several unsupervised anomaly detection models, including one-class support vector machines, classical autoencoders, and long short-term memory-based autoencoders. The long short-term memory autoencoders outperformed the others in terms of detection metrics. Dedicated multivariate long short-term memory autoencoders are subsequently trained for each engine subsystem. By calculating the mean absolute error of the reconstructions, a subsystem-specific health index is computed, which is used to estimate the remaining useful life. © 2025 by the authors.",Exclude,Pemeliharaan Kapal,Gaussian Copulas,LSTM Autoencoder,Mesin Diesel Wärtsilä,Terpisah,"Copula hanya untuk pembangkitan data sintetis, bukan integrasi pipeline inti",,,
Wang W.; Wang Y.; Zhen Z.; Wang F.,"Wang, Wenqiu (59209873900); Wang, Yuqing (56181046500); Zhen, Zhao (55993147500); Wang, Fei (51461203400)",Ultra-short-term Power Probabilistic Forecasting Method for Distributed Photovoltaic based on Joint Distribution Modeling,10.1109/ICPS60943.2024.10563745,https://www.scopus.com/pages/publications/85197919448?origin=resultslist,"Accurate probabilistic forecasting of distributed photovoltaic (DPV) ultra-short-term power can provide comprehensive information for power system scheduling and is of great significance for the operation of distribution networks. Addressing the issue of limited consideration of the dependency between photovoltaic power forecasting results and forecast errors in existing research, this paper proposes a DPV ultra-short-term power probabilistic forecasting method based on joint distribution modeling. This method effectively enhances the accuracy of probabilistic forecasting. Firstly, deterministic point forecasting of ultra-short-term power are obtained using an LSTM neural network, resulting in single-point forecasting results and forecasting errors. Then, based on these point forecasting results and errors, Copula function is used to fit the cumulative probability distribution of the point forecasting and errors, thereby constructing a joint probability distribution. Subsequently, based on the desired confidence level, upper and lower bounds of the forecasting errors corresponding to the point forecasting are obtained and added to the point forecasting, enabling the achievement of DPV ultra-short-term probabilistic forecasting. Finally, the superiority of the proposed method is validated through experiments with real-world datasets. © 2024 IEEE.",Include,Probabilitas Daya PV,Copula Function,LSTM,Dataset real-world PV,Pipeline: LSTM untuk prediksi titik; Copula untuk distribusi joint galat,Kurangnya pertimbangan ketergantungan antara hasil prediksi dan galatnya,,,
Nabizadeh Chianeh F.; Valikhan Anaraki M.; Mahmoudian F.; Farzin S.,"Nabizadeh Chianeh, Farideh (56107660400); Valikhan Anaraki, Mahdi (57209237974); Mahmoudian, Fatemeh (57222143440); Farzin, Saeed (55315758000)","A new methodology for the prediction of optimal conditions for dyes' electrochemical removal; Application of copula function, machine learning, deep learning, and multi-objective optimization",10.1016/j.psep.2023.11.073,https://www.scopus.com/pages/publications/85179494688?origin=resultslist,"In the present study, a new methodology has been introduced for predicting the simultaneous removal optimal conditions of Acid red 33 (AR33), Reactive orange 7 (RO7), Acid yellow 3 (AY3), and Malachite green (MG) dyes. Since industrial wastewater contains a variety of dyes, simultaneous prediction of their removal efficiency is a practical issue. The goal of this research was to address challenges associated with modeling this type of removal process. In the first part of this methodology, the c-vine copula function was used to generate synthetic data since the use of most modeling methods requires a large number of data, and studying different experimental conditions is time- and cost-consuming. Besides, Artificial neural network, Adaptive neuro-fuzzy inference system, Least-square support vector machine, and Long-short term memory algorithms were applied for modeling the dyes' removal efficiency using experimental and synthetic data. Utilizing synthetic data significantly improved the accuracy of modeling. For the purpose of finding the optimal amount of dyes' removal efficiency simultaneously, the removal efficiency of each dye is defined as an objective function. This leads to a problem requiring multi-objective optimization. Hence, the Multi-Objective Adaptive Guided Differential Evolution was employed for multi-objective optimization of dyes' removal efficiency. The optimization process was carried out based on the four objective functions including AR33, RO7, AY3, and MG dyes' removal efficiency. The results indicated a direct relationship between dyes' removal efficiency on the Pareto front as well as a highly oscillating and nonlinear relationship with decision variables (pH, NaCl concentration, current, and Time) under optimal conditions. Finally, the average results of Technique for Order of Preference by Similarity to Ideal Solution and VIekriterijumsko KOmpromisno Rangiranje were utilized to select the best optimal conditions from the Pareto front. With pH, NaCl, Time, and current inputs at 6.60, 0.67 (g/L), 96.93 (min), 0.01 (A) (optimal conditions), the best removal efficiencies of 98.88, 37.02, 91.19, and 98.33 (%) were obtained for AR33, RO7, AY3, and MG dyes, respectively. The introduced method demonstrated excellent promise for predicting optimal conditions for dyes' removal efficiency as well as for making wastewater treatment systems easier to design. © 2023",Exclude,Penghilangan Zat Warna,C-vine Copula,LSTM,Data eksperimen limbah,Terpisah,Copula untuk data sintetis; LSTM salah satu dari banyak algoritma yang diuji,,,
Ma J.; Zhao Y.; Cui B.; Liu L.; Ding Y.; Chen Y.; Zhang X.,"Ma, Jianqin (36773512400); Zhao, Yan (59708168400); Cui, Bifeng (57386364600); Liu, Lei (56093112500); Ding, Yu (59755796000); Chen, Yijian (59090464100); Zhang, Xinxi (59755292100)",Prediction of Drought Thresholds Triggering Winter Wheat Yield Losses in the Future Based on the CNN-LSTM Model and Copula Theory: A Case Study of Henan Province,10.3390/agronomy15040954,https://www.scopus.com/pages/publications/105003655897?origin=resultslist,"As global warming progresses, quantifying drought thresholds for crop yield losses is crucial for food security and sustainable agriculture. Based on the CNN-LSTM model and Copula function, this study constructs a conditional probability framework for yield losses under future climate change. It analyzes the relationship between the Standardized Precipitation–Evapotranspiration Index (SPEI) and winter wheat yield, assesses the vulnerability of winter wheat in various regions to drought stress, and quantifies the drought thresholds under climate change. The results showed that (1) SPEI in Zhoukou, Sanmenxia, and Nanyang was significantly correlated with yield; (2) the drought vulnerability of southern and eastern was higher than that of center, western, and northern in the past (2000–2023) and future (2024–2047); (3) there were significant differences in drought thresholds. The yield loss of winter wheat below 30, 50, and 70 percentiles in southern and eastern (past/future) were −1.86/−2.47, −0.85/−1.39, and 0.60/0.35 (Xinyang); −1.45/−2.16, −0.75/−1.34, −0.17/−0.43 (Nanyang); −1.47/−2.24, −0.97/−1.61, 0.69/0.28 (Zhoukou); −2.18/−2.86, −1.80/−2.36, −0.75/−1.08 (Kaifeng), indicating that the drought threshold will reduce in the future. This is mainly due to the different climate and soil conditions in different regions of Henan Province. In the context of future climate change, droughts will be more frequent. Hence, the research results provide a valuable reference for the efficient utilization of agricultural water resources and the prevention and control of drought risk under climate change in the future. © 2025 by the authors.",Include,Hasil Panen Gandum,Copula Function,CNN-LSTM,SPEI & hasil panen Henan,Pipeline: Framework probabilitas kondisional menggunakan CNN-LSTM dan Copula,Perubahan iklim meningkatkan frekuensi kekeringan yang memicu rugi panen,,,
Wang C.; Yang M.; Yu Y.; Li M.; Si Z.; Liu Y.; Yan F.,"Wang, Chuanqi (57669963100); Yang, Ming (56218258600); Yu, Yixiao (57215082997); Li, Menglin (57221979438); Si, Zhiyuan (57218940057); Liu, Yating (57423707600); Yan, Fangqing (57215666126)",A Multi-dimensional Copula Wind Speed Correction Method for Ultra-Short-Term Wind Power Prediction,10.1109/AEEES54426.2022.9759563,https://www.scopus.com/pages/publications/85129584018?origin=resultslist,"The focus of this paper is how to make comprehensive use of numerical weather prediction (NWP) and real power data to correct the forecasted wind speed, to improve the accuracy of ultra-short-term wind power prediction. Firstly, the multi-dimensional Copula model is built by 3 time series: current wind speed, previous wind speed error and current wind speed error. Determinate the first two values, and the current wind speed error can be obtained by gradually solving the conditional probability. Then, use the current wind speed error to correct and replace forecasted wind speed in NWP. Finally, take corrected NWP as the input of Long Short-Term Memory (LSTM), and take real power as the output. After selecting appropriate parameters to train the LSTM model, this hybrid model can be used to predict the ultra-short-term wind power. Compared with Autoregressive Integrated Moving Average (ARIMA), which only considers the time-series characteristics of wind speed error, this hybrid model can bring 2.3% reduction of mean absolute percentage error in prediction. © 2022 IEEE.",Include,Prediksi Daya Angin (Wind Power Prediction),Multi-dimensional Copula,LSTM,NWP and real power data,Pipeline (Koreksi error sebelum input LSTM),Memanfaatkan prediksi cuaca dan data daya nyata untuk mengoreksi prediksi kecepatan angin demi akurasi prediksi jangka sangat pendek.,,,
Dong H.; Luo J.; Zuo G.; Yang X.,"Dong, Hongtao (58990077300); Luo, Jungang (15128929600); Zuo, Ganggang (57204955221); Yang, Xue (57201689527)",Dynamic D-vine copula GAM quantile regression for boosting probabilistic streamflow forecasting reliability,10.1016/j.ejrh.2026.103509,https://www.scopus.com/pages/publications/105037679612?origin=resultslist,"Study Region: The Hanjiang River Basin, China Study Focus: Reliable and accurate streamflow forecasting is essential for effective water resources management, flood mitigation, and hydrological risk assessment. Deterministic forecasting approaches provide point predictions only and therefore fail to explicitly represent predictive uncertainty. To address this limitation and enhance forecast reliability, this study develops a probabilistic post-processing framework that transforms deep learning-based point forecasts (LSTM and Transformer) into probability forecasts by modeling the conditional error structure. The framework models forecast errors as the response variable and captures their regime-dependent dependence on hydrometeorological covariates using a dynamic D-vine copula generalized additive model quantile regression (DV-GAM-QR), enabling the generation of both median forecasts and probabilistic prediction intervals. New Hydrological Insights: The proposed DV-GAM-QR framework substantially improves probabilistic streamflow forecasting by explicitly modeling time-varying dependence between deep-learning forecast errors and hydrometeorological predictors. Compared with the stationary DVQR benchmark, DV-GAM-QR achieves marked gains in probabilistic performance, reducing the Continuous Ranked Probability Score (CRPS) by approximately 15% and producing sharper yet well-calibrated prediction intervals across flow regimes. This study demonstrates that forecast error dependence is not merely non-stationary over time, but rather varies systematically as a function of seasonal conditions and antecedent hydrologic memory. By integrating hydrologically meaningful covariates into a dynamic copula parameterization, the framework reveals regime-dependent dependence patterns that are obscured under stationary assumptions. These findings highlight the importance of dynamic dependence modeling for reliable uncertainty quantification and illustrate how copula-based post-processing can be effectively coupled with deep learning outputs to support risk-sensitive streamflow forecasting and water resources management. © 2026 The Authors. Published by Elsevier B.V. This is an open access article under the CC BY-NC-ND license. http://creativecommons.org/licenses/by-nc-nd/4.0/",Include,Prediksi Aliran Sungai (Streamflow forecasting),Dynamic D-vine copula; DV-GAM-QR,LSTM; Transformer,"Hanjiang River Basin, China",Pipeline/Post-processing,Pendekatan deterministik hanya memberikan prediksi titik dan gagal merepresentasikan ketidakpastian prediktif.,,,
Ma T.; Qin B.; Hong S.; Su Y.,"Ma, Tong (60497713800); Qin, Boyu (55585350500); Hong, Shidong (59170889400); Su, Yiwei (59914947100)",Mathematical Analysis Methods for Quantitative Scenario Generation of Renewable Power Output: A Comprehensive Review,10.3390/en19071701,https://www.scopus.com/pages/publications/105035557216?origin=resultslist,"As the proportion of renewable power continues to increase, its inherent intermittency and volatility pose serious challenges to the security and stability of power systems. Scenario generation technology serves as a key tool supporting decision-making methods such as stochastic optimization and risk analysis. By generating representative power output scenarios, it can effectively characterize the uncertainty of renewable power output. This paper systematically reviews mainstream methods for the scenario generation of renewable power output, categorizing them into two major classes: sampling-based methods and model-based methods. Among them, sampling-based methods include Monte Carlo sampling, Latin hypercube sampling (LHS), Markov chains (MCs), and Copula functions. Model-based methods encompass artificial neural networks (ANNs), long short-term memory networks (LSTMs), autoregressive moving average models (ARMAs), generative adversarial networks (GANs), variational autoencoders (VAEs), diffusion models and transformer-based models. This paper elaborates on the principles and characteristics of each type of method. Moreover, scenario quality is evaluated from three dimensions: output-based metrics for numerical accuracy, distribution-based metrics for statistical consistency, and event-based metrics for key operational event representation. The current research challenges and future research directions are also summarized to provide a reference for modeling the uncertainty of renewable output. © 2026 by the authors.",Exclude,Review Literatur Energi Terbarukan,Copula functions,LSTMs,Tidak ada (Review paper),Tidak Ada,"Merupakan tinjauan pustaka (review), bukan studi empiris yang mengintegrasikan kedua model secara langsung.",,,
He K.; Chen X.; Yu X.; Dong C.; Zhao D.,"He, Kunlong (57226441798); Chen, Xiaohong (57056609200); Yu, Xuan (37861469800); Dong, Chunyu (55489398300); Zhao, Dongmei (57884463900)",Evaluation and prediction of compound geohazards in highly urbanized regions across China's Greater Bay Area,10.1016/j.jclepro.2024.141641,https://www.scopus.com/pages/publications/85188233996?origin=resultslist,"Natural hazards could have devastating consequences globally, making hazard assessment and spatial prediction crucial for enhancing the resilience of urbanized regions. However, current disaster prediction and assessment research often neglect the compound effects between multiple geohazards highly in urbanized regions. To address the concern, we employed comparative methodology, evaluating four machine learning algorithms—Extreme Gradient Boosting (XGBoost), Random Forest (RF), Back Propagation Neural Network (BP), and Long Short-Term Memory (LSTM)—in the creation of Geohazard Susceptibility Maps (GSM) for the highly urbanized Guangdong-Hong Kong-Macao Greater Bay Area (GBA). Additionally, the study investigated the triggering mechanisms and the compound interaction between multiple geohazards using the conditional vine copula model. The results showed that the XGBoost model outperformed other models (AUC = 0.89) for predicting multiple geohazards. Geohazards were predominantly concentrated in urban areas in the GBA, with surface subsidence being the most severe, followed by collapse and landslide. The primary triggers for multi-geohazards include distance to roads, slope length, and lithology, with slope length and lithology identified as the primary causative factors in urban areas. Urbanization within the GBA increased the probability of multi-geohazards by 10%, compared to their univariate counterparts. Urban regions exhibited increased risks of landslides, surface subsidence, and collapse by approximately 31%, 44%, and 32%, respectively compared to non-urban regions. Additionally, compound geohazards in the GBA were primarily triggered by heavy rainfall, resulting in the formation of landslide-collapse and collapse-landslide geohazard chains. The probability of compound geohazards is approximately 5% lower than that of univariate geohazards. This is because compound geohazards necessitate a higher cumulative rainfall, and the rainfall threshold was approximately 2–3 times higher than that of univariate geohazards. In the cascading hazard pattern, the occurrence of primary geohazards during local heavy rain increased the probability of secondary geohazards by approximately 10%. The study provides essential insights for mitigating compound geohazards in urbanized areas. © 2024 Elsevier Ltd",Exclude,Prediksi Bahaya Geologi (Geohazard prediction),Conditional vine copula,LSTM,"Guangdong-Hong Kong-Macao Greater Bay Area, China",Terpisah,Riset saat ini sering mengabaikan efek majemuk antar beberapa bahaya geologi di wilayah urbanisasi tinggi. Model dijalankan secara terpisah tanpa integrasi.,,,
Ben Ghorbal A.; Grine A.; Elbatal I.; Almetwally E.M.; Eid M.M.; El-Kenawy E.-S.M.,"Ben Ghorbal, Anis (8664867800); Grine, Azedine (58838889900); Elbatal, Ibrahim (9434601300); Almetwally, Ehab M. (57208342542); Eid, Marwa M. (35795379100); El-Kenawy, El-Sayed M. (60366183200)",Air pollution prediction using blind source separation with Greylag Goose Optimization algorithm,10.3389/fenvs.2024.1429410,https://www.scopus.com/pages/publications/85201522458?origin=resultslist,"Particularly, environmental pollution, such as air pollution, is still a significant issue of concern all over the world and thus requires the identification of good models for prediction to enable management. Blind Source Separation (BSS), Copula functions, and Long Short-Term Memory (LSTM) network integrated with the Greylag Goose Optimization (GGO) algorithm have been adopted in this research work to improve air pollution forecasting. The proposed model involves preprocessed data from the urban air quality monitoring dataset containing complete environmental and pollutant data. The application of Noise Reduction and Isolation techniques involves the use of methods such as Blind Source Separation (BSS). Using copula functions affords an even better estimate of the dependence structure between the variables. Both the BSS and Copula parameters are then estimated using GGO, which notably enhances the performance of these parameters. Finally, the air pollution levels are forecasted using a time series employing LSTM networks optimized by GGO. The results reveal that GGO-LSTM optimization exhibits the lowest mean squared error (MSE) compared to other optimization methods of the proposed model. The results underscore that certain aspects, such as noise reduction, dependence modeling and optimization of parameters, provide much insight into air quality. Hence, this integrated framework enables a proper approach to monitoring the environment by offering planners and policymakers information to help in articulating efficient environment air quality management strategies. Copyright © 2024 Ben Ghorbal, Grine, Elbatal, Almetwally, Eid and El-Kenawy.",Include,Prediksi Polusi Udara (Air pollution prediction),Copula functions,LSTM,Urban air quality monitoring dataset,Pipeline,Polusi udara menuntut model prediksi yang baik. Dibutuhkan reduksi noise dan estimasi ketergantungan variabel.,,,
Mukherjee D.; Chakraborty S.; Ghosh S.; Mishra R.K.,"Mukherjee, Debottam (57210170006); Chakraborty, Samrat (57193692517); Ghosh, Sandip (57209784786); Mishra, Rakesh Kumar (57223205204)",Application of deep learning for power system state forecasting,10.1002/2050-7038.12901,https://www.scopus.com/pages/publications/85105189416?origin=resultslist,"The recent trend in modern power sector is to maintain observability of the grid for its smooth operation under all circumstances. To ascertain this aforementioned criterion, grid operators employ state estimation algorithms with a priori measurement data to determine the current operating states of the grid. The prime ideology behind such algorithms is the presence of an over-determined class of system with abundant measurement redundancy. With loss of real time measurement data, operators resort to state forecasting-based solutions. This work focuses on the use of scalable deep learning and machine learning models for appropriate forecasting of operating states both for healthy and contingency scenarios. This work also incorporates a critical comparison between them based on RMSE, MSE, MAE and R-squared index. To facilitate a better training and to prevent model underfitting, Gaussian copula based synthetic data are incorporated showcasing substantial enhancement in performance indices of the models [GRU (0.7958 → 0.0088), LSTM (1.1173 → 0.1020), SVM (1.7256 → 0.1654) and SNN (2.5381 → 0.1972)]. Such training strategies even under system unobservability with optimal hyper-parameter tuning of the models can lead to proper forecasting of operating states of the system. A comparative analysis between the neural network models under varying noise scenarios also portrays the efficacy of the proposed GRU model. The proposed architecture can also be implemented for real time state forecasting scheme with computational time in the order of micro (μ) seconds (210.34 μs). Simulation results on IEEE 14 bus system validate these aforementioned propositions. © 2021 John Wiley & Sons Ltd.",Include,Peramalan Status Sistem Tenaga (Power system state forecasting),Gaussian copula,LSTM; GRU,IEEE 14 bus system,Pipeline (Data Augmentation),Kehilangan data pengukuran real-time memerlukan peramalan operasional; Copula digunakan untuk memproduksi data sintetis guna mencegah underfitting model.,,,
Khatun A.; Sahoo B.; Chatterjee C.,"Khatun, Amina (57218714971); Sahoo, Bhabagrahi (16069856000); Chatterjee, Chandranath (56238635800)",Two novel error-updating model frameworks for short-to-medium range streamflow forecasting using bias-corrected rainfall inputs: Development and comparative assessment,10.1016/j.jhydrol.2023.129199,https://www.scopus.com/pages/publications/85147411067?origin=resultslist,"Accurate inflow forecasts with sufficient lead-time are highly crucial for efficient reservoir operation, for which, this study advocates the popular MIKE11-NAM-HD (MIKE) standalone conceptual hydrological model and its two error-updating frameworks for 1–5 days ahead inflow forecasting. These two modelling frameworks integrate the recently developed Wavelet-based Nonlinear AutoRegressive neural network with eXogenous inputs (WNARX) and a novel nested smoothing-based Long Short-Term Memory (LSTM) network as the error-updating models, with the standalone MIKE11-NAM-HD model, respectively. The available rainfall forecasts are bias-corrected using the Gaussian and Archimedean copulas, enhanced Kohonen Self-Organizing Maps (eKSOM) and hybrid Copula–eKSOM (Cop-SOM) approaches. The MIKE11-NAM-HD forced with the raw India Meteorological Department–Multi-model Ensemble (IMD-MME) and the selected bias-corrected rainfall forecasts are, hereafter named as rMIKE and bcMIKE, respectively. These proposed frameworks are tested for daily streamflow forecasting into the Hirakud multi-purpose reservoir in eastern India. The results reveal that the hybrid Cop-SOM could provide improved rainfall forecast skills with up to 5 days lead-time as compared to the standalone Copula and eKSOM. The standalone rMIKE and bcMIKE forecasting frameworks are useful for up to 2 days lead-time; whereas the bcMIKE-WNARX and bcMIKE-LSTM error-updating frameworks are useful up to 5 days lead-time with the Nash-Sutcliffe Efficiency (NSE) of 0.67–0.88 and 0.81–0.92, respectively. Overall, the LSTM proves to be a robust error-forecasting model at 1–5 days lead-time with reliable reproduction of peak flows; and the MIKE-LSTM framework forced with the Cop-SOM based bias-corrected rainfall forecasts has the lowest model prediction uncertainty with the narrowest confidence bands. © 2023 Elsevier B.V.",Include,Prediksi Aliran Sungai (Streamflow forecasting),Gaussian copula; Archimedean copula; Cop-SOM,nested smoothing-based LSTM,"Hirakud multi-purpose reservoir, India",Pipeline,Prediksi inflow waduk membutuhkan lead-time yang akurat; Copula digunakan untuk mengoreksi bias curah hujan sebelum input LSTM.,,,
Fang X.; Zhang W.; Guo Y.; Wang J.; Wang M.; Li S.,"Fang, Xia (57209294092); Zhang, Wei (57775406700); Guo, Yuhao (57393348500); Wang, Jie (57077122500); Wang, Mei (55732041100); Li, Shunlei (59448076800)",A Novel Reinforced Deep RNN-LSTM Algorithm: Energy Management Forecasting Case Study,10.1109/TII.2021.3136562,https://www.scopus.com/pages/publications/85122061004?origin=resultslist,"In this article, a new hybrid deep learning (DL) algorithm is developed to make a computer-assisted forecasting energy management (EM) system. Applying the Copula function, the Hankel matrix is created for processing gathered automatic metering infrastructure (AMI) load information in the smart network. This processing of the data results in model optimization through the suggested new pooling-based deep neural network (PDNN). Through increased size and variation of AMI data, the suggested PDNN reduces overfitting issues during testing and training. The real-time AMI southern grid data of Tamil Nadu electricity is used as the benchmark. The suggested DL model performs better than the traditional EM forecasting techniques in both mean absolute error and accuracy by 12.7% and 9.5%, respectively. © 2005-2012 IEEE.",Include,Peramalan Manajemen Energi (Energy Management forecasting),Copula function,RNN-LSTM; PDNN,"AMI southern grid data of Tamil Nadu electricity, India",Pipeline (Preprocessing),Mencegah masalah overfitting akibat data yang membesar dan bervariasi dari smart network.,,,
Devshali S.; Tripathi S.K.; Dodda D.; Kumar M.; Uniyal R.; Yadav M.; Malhotra S.,"Devshali, Sagun (57209174749); Tripathi, Shailesh Kumar (57987554500); Dodda, Dhiraj (57987784900); Kumar, Manish (55456390100); Uniyal, Rishabh (57209180299); Yadav, M. (57209177377); Malhotra, S. (57210454149)",Predicting ESP failures Using Artificial Intelligence for Improved Production Performance in One of the Offshore Fields in India,10.2118/211031-MS,https://www.scopus.com/pages/publications/85143083487?origin=resultslist,"Field X is situated at a water depth of 90 meters in the western continental shelf at a distance of 200 Kilometers from Mumbai. It is one of the few fields in the world operating entirely on Electric Submersible Pumps with 36 wells in 5 wellhead platforms producing 62907 barrels of liquid per day with an average water cut of 68%. The performance of ESPs is being continuously monitored in the field. With continuous improvement, the run life of ESPs has increased from a few months to an average of 3 years. Despite the improvement in the run life, unexpected failures still occur from time to time. These unanticipated ESP failures cause substantial production deferment leading to considerable losses in terms of revenue and resources. This paper presents the findings of an Artificial Intelligence based model developed for failure prediction of ESPs aiming to minimize the unexpected production loss for Field X. From the historical data obtained, 47 instances of pump failure have been identified. One of the challenges encountered during Data Exploration was missing data which in many cases was due to downhole sensor failure before the pump failure. The missing values have been inferred and imputed from the known available parameters for each pump. Various machine learning algorithms including Random Forest Regressor, Xgboost Regression, Copula-based Outlier Detection, Scalable Unsupervised Outlier Detection and Long Short Term Memory (LSTM) Autoencoder have been applied on these failure instances to develop a model for predicting the run lives of ESPs. Out of all the methods, LSTM Autoencoder model has been found to be the best suited model for anomaly detection before failure of ESPs. Autoencoders learn patterns in data over long sequences which makes them suitable for anomaly detection before the actual pump failure. The pattern recognition algorithms of Autoencoders have been able to predict the anomaly at approximately ~60 days before failure in a number of pump failure instances. The paper discusses a proactive approach by building a predictive model for estimating ESP lifespan based on machine learning algorithms. The model's predictive accuracy can be improved over time by adding information and further improving the model components. Copyright © 2022, Society of Petroleum Engineers.",Exclude,Prediksi Kegagalan Pompa ESP,Copula-based Outlier Detection,LSTM Autoencoder,"Field X offshore field, India",Terpisah,"Kegagalan pompa menyebabkan kerugian finansial. Model ini membandingkan algoritma secara terpisah, tidak ada hibridisasi.",,,
Zou M.; Holjevac N.; Dakovic J.; Kuzle I.; Langella R.; Giorgio V.D.; Djokic S.Z.,"Zou, Mingzhe (57203844172); Holjevac, Ninoslav (55913661500); Dakovic, Josip (57204211209); Kuzle, Igor (6603294176); Langella, Roberto (35570779100); Giorgio, Vincenzo Di (57205434079); Djokic, Sasa Z. (8418127200)",Bayesian CNN-BiLSTM and Vine-GMCM Based Probabilistic Forecasting of Hour-Ahead Wind Farm Power Outputs,10.1109/TSTE.2022.3148718,https://www.scopus.com/pages/publications/85124761928?origin=resultslist,"The importance of the accurate forecasting of power outputsof wind-based generation systems is increasing, as their contributions to the total system generation are rising. However, wind energy resource exhibits strong and stochastic spatio-temporal variations, which further combine with the uncertainties in WF operating regimes, i.e., numbers of wind turbines in normal operation, under curtailment, or that are faulty/disconnected. This paper presents a novel approach for efficient dealing with uncertainties in hour-ahead forecasted WF power outputs. It first applies Bayesian convolutional neural network-bidirectional long short-term memory (Bayesian CNN-BiLSTM) method, which allows for a more accurate probabilistic forecasting of wind speed, air density and wind direction, using the nearby WFs as additional input data. The WF operating regimes are also predicted using the same Bayesian CNN-BiLSTM structure. Afterwards, a high-dimensional Vine-Gaussian mixture Copula model is combined with Bayesian CNN-BiLSTM model to evaluate uncertainties in the WF outputs based on a cross-correlational conditioning of the forecasted weather variables and operating regimes. The proposed combined model is applied and validated using the actual field measurements from two WF clusters in close locations in Croatia and is also benchmarked against several other models. © 2010-2012 IEEE.",Include,Prediksi Daya Ladang Angin (Wind Farm Power Outputs),Vine-Gaussian mixture Copula model (Vine-GMCM),Bayesian CNN-BiLSTM,"Wind farm clusters, Croatia",Pipeline (Kombinasi probabilitas),Sumber daya angin sangat fluktuatif dan digabungkan dengan ketidakpastian status operasi turbin.,,,
Yang X.; Huang X.; Gao X.; Tao Z.,"Yang, Xiyun (14030797000); Huang, Xinxin (57253917100); Gao, Xiaxiang (57226490342); Tao, Zhun (57218115979)",High-temperature power reduction state identification for wind turbines using feature correlation analysis and deep learning methods; [Identifizierung des Zustands der Hochtemperatur-Leistungsreduzierung bei Windkraftanlagen mit Hilfe von Merkmalskorrelationsanalyse und Deep-Learning-Methoden],10.1007/s10010-022-00586-y,https://www.scopus.com/pages/publications/85130467768?origin=resultslist,"The excessively high temperature of gearbox oil in summer leads to power reduction of wind turbines (called high-temperature power reduction state), which does harm to the performance of the power generation performance of the wind turbine. The timely and accurate identification of high-temperature power reduction state will contribute to improving the operation efficiency of the unit. This study proposes a new method based on the vine copula model and algorithm of convolutional neural network cascading to the bidirectional long short term memory network with attention mechanism (CNN-BiLSTM-attention). Firstly, the vine copula model is used to analyze the correlation of the features in supervisory control and data acquisition (SCADA) system, and the features that can reflect the high-temperature power reduction state are extracted comprehensively. Secondly, CNN is used to mine the coupling relationship between features and extract deep spatial features. Finally, BiLSTM is used to extract the time-series information in the depth spatial feature further for high-temperature power reduction state identification, and the attention mechanism is introduced to sense and identify the relevant network weights adaptively to enhance the influence of important information. The experimental results show that the method has high identification accuracy in the identification of high-temperature power reduction state. Accurate and reliable identification results can provide reference for formulating the operation and maintenance scheme of wind turbine reasonably. © 2022, The Author(s), under exclusive licence to Springer-Verlag GmbH Deutschland, ein Teil von Springer Nature.",Include,Identifikasi Status Turbin Angin (High-temperature power reduction),Vine copula model,CNN-BiLSTM-attention,SCADA system data,Pipeline (Ekstraksi fitur korelasi),Suhu oli gearbox yang sangat tinggi memicu penurunan daya turbin; perlu identifikasi tepat waktu.,,,
Wei X.; Cheng S.; Chen R.; Wang Z.; Li Y.,"Wei, Xing (39263068100); Cheng, Shitao (58773286300); Chen, Rui (58661087400); Wang, Zijian (58303765200); Li, Yanjun (57558784000)",ANN deformation prediction model for deep foundation pit with considering the influence of rainfall,10.1038/s41598-023-49579-z,https://www.scopus.com/pages/publications/85180187224?origin=resultslist,"Deep foundation pits involving complex soil–water-structure interactions are often at a high risk of failure under heavy rainfall. Predicted deformation is an important index for early risk warning. In the study, an ANN model is proposed based on the Wave Transform (WT), Copula method, Convolutional Neural Network (CNN) and Long Short-Term Memory Neural Network (LSTM). The total deformation was firstly decomposed into low and high frequency components with WT. The CNN and LSTM were then used for prediction of the two components with rolling training and prediction. The input variables of the CNN and LSTM were determined and optimized based on the correlations analysis of Copula method of the two components with different random variables, especially with the rainfall. And finally, the predicted total deformation was obtained by adding the two prediction components. A deep foundation pit in Chengdu, China was taken as a case study, of which the horizontal deformation curves at different measuring points shows three types of developed trend, as unstable, less stable, and stable types. The predictions of the deformations of different development types by the proposed ANN model show high accuracies with a few input variables and can accurately prompt risk warning in advance. © 2023, The Author(s).",Include,Prediksi Deformasi Fondasi (Deep foundation pit),Copula method,LSTM; CNN,"Deep foundation pit in Chengdu, China",Pipeline,Deformasi fondasi dalam sangat berisiko runtuh akibat hujan lebat; Copula menganalisis korelasi input LSTM.,,,
Wang L.; Zhou X.; Tian T.; Yang B.; Li S.,"Wang, Lingyun (55721293100); Zhou, Xiang (58634653900); Tian, Tian (57211158172); Yang, Bo (58949988500); Li, Shichun (55710982600)",Combination forecasting model of short-term power load based on multi-dimensional meteorological information spatio-temporal fusion and MPA-VMD; [基于多维气象信息时空融合和 MPA-VMD 的短期电力负荷组合预测模型],10.16081/j.epae.202304021,https://www.scopus.com/pages/publications/85188287651?origin=resultslist,In order to improve the accuracy of power load forecasting，it is needed to consider the influence difference of multi-dimensional meteorological information on power load in different places of a region. In the spatial dimension，a spatio-temporal fusion method of multi-dimensional meteorological information is proposed，and the Copula theory is used for the nonlinear coupling analysis between meteorological information of multiple meteorological stations such as wind speed，rainfall，temperature，sunshine intensity and power load，so as to realize spatio-temporal fusion. In the time dimension，the marine predator algorithm（MPA） is adopted to realize the automatic optimization of core parameters of variational modal decomposition（VMD），and the weighted permutation entropy is adopted to construct the adaptation function of MPA-VMD，which realizes the adaptive decomposition of load sequence. The input sets of long short-term memory（LSTM） network model and marine predator algorithm-least squares support vector machine（MPA-LSSVM） model are constructed by fusing each component of time dimension and each meteorological information of spatial dimension，the forecasting results of each component are obtained，the forecasting model corresponding to each component is selected according to the evaluation index，and the overall forecasting results are reconstructed. The example analysis results show that the proposed forecasting method is better than the traditional forecasting method，and effectively improves the accuracy of power load forecasting. © 2024 Electric Power Automation Equipment Press. All rights reserved.,Include,Prediksi Beban Listrik Jangka Pendek,Copula theory,LSTM,Meteorological stations data,Pipeline (Spatio-temporal fusion),"Mempertimbangkan perbedaan pengaruh dari variabel cuaca (angin, hujan, suhu) pada beban listrik secara spasial.",,,
Cui Z.; Guo S.; Chen H.; Liu D.; Zhou Y.; Xu C.-Y.,"Cui, Zhen (57360396300); Guo, Shenglian (57203905671); Chen, Hua (56068401800); Liu, Dedi (55790755000); Zhou, Yanlai (55264526200); Xu, Chong-Yu (7404181575)",Quantifying and reducing flood forecast uncertainty by the CHUP-BMA method,10.5194/hess-28-2809-2024,https://www.scopus.com/pages/publications/85197480363?origin=resultslist,"The Bayesian model averaging (BMA), hydrological uncertainty processor (HUP), and HUP-BMA methods have been widely used to quantify flood forecast uncertainty. This study proposes the copula-based hydrological uncertainty processor BMA (CHUP-BMA) method by introducing a copula-based HUP in the framework of BMA to bypass the need for a normal quantile transformation of the HUP-BMA method. The proposed ensemble forecast scheme consists of eight members (two forecast precipitation inputs; two advanced long short-term memory, LSTM, models; and two objective functions used to calibrate parameters) and is applied to the interval basin between the Xiangjiaba and Three Gorges Reservoir (TGR) dam sites. The ensemble forecast performance of the HUP-BMA and CHUP-BMA methods is explored in the 6–168 h forecast horizons. The TGR inflow forecasting results show that the two methods can improve the forecast accuracy over the selected member with the best forecast accuracy and that the CHUP-BMA performs much better than the HUP-BMA. Compared with the HUP-BMA method, the forecast interval width and continuous ranked probability score metrics of the CHUP-BMA method are reduced by a maximum of 28.42 % and 17.86 % within all forecast horizons, respectively. The probability forecast of the CHUP-BMA method has better reliability and sharpness and is more suitable for flood ensemble forecasts, providing reliable risk information for flood control decision-making. © Author(s) 2024.",Include,Kuantifikasi Ketidakpastian Banjir,Copula-based Hydrological Uncertainty Processor (CHUP),LSTM,"Xiangjiaba and Three Gorges Reservoir, China",Ensemble/Post-processing,Dibutuhkan metode yang menghindari transformasi kuantil normal (pada model konvensional HUP-BMA) untuk estimasi ketidakpastian.,,,
Mendoza-Ibarra A.; Aceves-Fernandez M.A.; Ramos-Arreguín J.M.; Sotomayor-Olmedo A.,"Mendoza-Ibarra, Alejandro (60423379400); Aceves-Fernandez, Marco Antonio (12792865700); Ramos-Arreguín, Juan Manuel (14034494600); Sotomayor-Olmedo, Artemio (35769732200)",Proposal of a Modified Loss Function with the Gaussian Copula Density Function to Improve LSTM Predictions of PM10 and PM2.5 Concentrations,10.3390/computers15020091,https://www.scopus.com/pages/publications/105031397026?origin=resultslist,"Air pollution forecasting for Particulate Matter ((Formula presented.) and (Formula presented.)) is a challenge for human health in order to improve the life quality of humans around the world. This research focuses on evaluating a Long Short-Term Memory (LSTM) neural network model with an improvement in the loss function using the Gaussian Copula Density function to predict (Formula presented.) and (Formula presented.) levels in four stations (AJM, CAM, MER and PED) in Mexico City. The model is compared with a plain LSTM neural network model for forecasting 12, 24, 48 and 72 h using error metrics root mean square error (RMSE), mean absolute error (MAE) and mean absolute percentage error (MAPE). The results demonstrate a superior performance of the modified loss function model, achieving the lowest error values across multiple stations and forecast horizons. © 2026 by the authors.",Include,Prediksi Konsentrasi Polusi Udara (PM10 dan PM2.5),Gaussian Copula Density function,LSTM,"Mexico City, Mexico",Fungsi Loss / Embedded,Akurasi prediksi polutan memengaruhi kualitas udara. Fungsi Copula disematkan untuk memodifikasi fungsi loss LSTM.,,,
Wang X.; Li Z.; Fu C.; Liu X.; Yang W.; Huang X.; Yang L.; Wu J.; Zhao Z.,"Wang, Xinghua (55971497500); Li, Zilv (59366051000); Fu, Chenyang (57212601359); Liu, Xixian (58623944000); Yang, Weikang (59366134200); Huang, Xiangyuan (59365804600); Yang, Longfa (59366209100); Wu, Jianhui (59366209200); Zhao, Zhuoli (57199102084)",Short-Term Photovoltaic Power Probabilistic Forecasting Based on Temporal Decomposition and Vine Copula,10.3390/su16198542,https://www.scopus.com/pages/publications/85206344588?origin=resultslist,"With the large-scale development of solar power generation, highly uncertain photovoltaic (PV) power output has an increasing impact on distribution networks. PV power generation has complex correlations with various weather factors, while the time series embodies multiple temporal characteristics. To more accurately quantify the uncertainty of PV power generation, this paper proposes a short-term PV power probabilistic forecasting method based on the combination of decomposition prediction and multidimensional variable dependency modeling. First, a seasonal and trend decomposition using a Loess (STL)-based PV time series feature decomposition model is constructed to obtain periodic, trend, and residual components representing different characteristics. For different components, this paper develops a periodic component prediction model based on TimeMixer for multi-scale temporal feature mixing, a long short-term memory (LSTM)-based trend component extraction and prediction model, and a multidimensional PV residual probability density prediction model optimized by Vine Copula optimized with Q-Learning. These components’ results form a short-term PV probabilistic forecasting method that considers both temporal features and multidimensional variable correlations. Experimentation with data from the Desert Knowledge Australia Solar Center (DKASC) demonstrates that the proposed method reduced root mean square error (RMSE) and mean absolute percentage error (MAPE) by at least 14.8% and 22%, respectively, compared to recent benchmark models. In probability interval prediction, while improving accuracy by 4% at a 95% confidence interval, the interval width decreased by 19%. The results show that the proposed approach has stronger adaptability and higher accuracy, which can provide more valuable references for power grid planning and decision support. © 2024 by the authors.",Include,Prediksi Probabilitas Daya Fotovoltaik,Vine Copula,LSTM,"Desert Knowledge Australia Solar Centre, Australia",Pipeline / Ensemble,Kompleksitas korelasi faktor cuaca memicu tingginya ketidakpastian output tenaga surya.,,,
Lin S.; Wang Y.; Wei H.; Wang X.; Wang Z.,"Lin, Shucheng (59863866700); Wang, Yue (57211429337); Wei, Haocheng (59862651100); Wang, Xiaoyi (57214251564); Wang, Zhong (36706738700)",Hybrid Method for Oil Price Prediction Based on Feature Selection and XGBOOST-LSTM,10.3390/en18092246,https://www.scopus.com/pages/publications/105004793813?origin=resultslist,"The accurate and stable prediction of crude oil prices holds significant value, providing insightful guidance for investors and decision-makers. The intricate interplay of factors influencing oil prices and the pronounced fluctuations present significant obstacles within the realm of oil price forecasting. This study introduces a novel hybrid model framework, distinct from the conventional methods, that integrates influencing factors for oil price prediction. First, using Improved Complete Ensemble Empirical Mode Decomposition with Adaptive Noise (ICEEMDAN) extract mode components from crude oil prices. Second, using the Adaptive Copula-based Feature Selection (ACBFS), rooted in Copula theory, facilitates the integration of the influencing factors; ACBFS enhances both accuracy and stability in feature selection, thereby amplifying predictive performance and interpretability. Third, low-frequency modes are predicted through an Attention Mechanism-based Long and Short-Term Memory Neural Network (AM-LSTM), optimized using Bayesian Optimization and Hyperband (BOHB). Conversely, high-frequency modes are forecasted using Extreme Gradient Boosting Models (XGboost). Finally, the error correction mechanism further enhances the predictive accuracy. The experimental results show that the Mean Absolute Error (MAE) and Root Mean Square Error (RMSE) of the proposed hybrid prediction framework are the lowest compared to the benchmark model, at 0.7333 and 1.1069, respectively, which proves that the designed prediction structure has better efficiency and higher accuracy and stability. © 2025 by the authors.",Include,Prediksi Harga Minyak Mentah (Oil Price Prediction),Adaptive Copula-based Feature Selection (ACBFS),AM-LSTM,Crude oil prices dataset,Pipeline (Feature Selection),Tingginya fluktuasi dan interaksi kompleks antar berbagai faktor yang memengaruhi harga minyak.,,,
Wang Z.; Dongkun M.A.; Shang S.; He T.; Tan L.; Wu K.,"Wang, Zhaobin (57190621140); Dongkun, M.A. (60406624300); Shang, Shang (56735540600); He, Tianyang (60140467200); Tan, Li (60406766400); Wu, Kang (60406856000)",Parameter Correlation Analysis of Multi-parameter Degradation of Electromagnetic Relays Based on Vine Copula and LSTM,10.1109/HLM51652.2025.11278279,https://www.scopus.com/pages/publications/105030543562?origin=resultslist,"Electromagnetic relays, as essential components in automation systems, are crucial for signal transmission, load switching, and circuit protection. Their reliability, particularly storage life, is a key indicator of overall system stability. To address the limitations of traditional degradation parameter correlation analysis, this study proposes a multi-parameter degradation analysis method using the Vine Copula model. Experimental data is preprocessed using wavelet denoising, followed by correlation analysis of key degradation parameters. A Vine Copula-based joint distribution model is then developed to capture parameter dependencies and generate Monte Carlo simulations. The simulation data is integrated into a Long Short-Term Memory (LSTM) network for prediction. An XGBoost regression model further refines the LSTM output by correcting residual errors, enhancing prediction accuracy. Results show that the Vine Copula model, combined with XGBoost, significantly outperforms traditional LSTM methods in electromagnetic relay life prediction. © 2025 IEEE.",Include,Analisis Degradasi Relay Elektromagnetik,Vine Copula,LSTM,Experimental degradation data,Pipeline (Data Augmentation),"Tradisionalnya, analisis parameter korosi dan relai terbatas; Copula digunakan untuk memproduksi data simulasi bagi model LSTM.",,,
Xu J.; Cao L.,"Xu, Jia (57188763665); Cao, Longbing (8672631400)",Copula Variational LSTM for High-Dimensional Cross-Market Multivariate Dependence Modeling,10.1109/TNNLS.2023.3293131,https://www.scopus.com/pages/publications/85166321181?origin=resultslist,"We address a challenging problem - modeling high-dimensional, long-range dependencies between nonnormal multivariates, which is important for demanding applications such as cross-market modeling (CMM). With heterogeneous indicators and markets, CMM aims to capture between-market financial couplings and influence over time and within-market interactions between financial variables. We make the first attempt to integrate deep variational sequential learning with copula-based statistical dependence modeling and characterize both temporal dependence degrees and structures between hidden variables representing nonnormal multivariates. Our copula variational learning network weighted partial regular vine copula-based variational long short-term memory (WPVC-VLSTM) integrates variational long short-term memory (LSTM) networks and regular vine copula to model variational sequential dependence degrees and structures. The regular vine copula models nonnormal distributional dependence degrees and structures. VLSTM captures variational long-range dependencies coupling high-dimensional dynamic hidden variables without strong hypotheses and multivariate constraints. WPVC-VLSTM outperforms benchmarks, including linear models, stochastic volatility models, deep neural networks, and variational recurrent networks in terms of both technical significance and portfolio forecasting performance. WPVC-VLSTM shows a step-forward for CMM and deep variational learning. © 2012 IEEE.",Include,Pemodelan Ketergantungan Pasar Multivariat (Cross-market modeling),Regular vine copula; Weighted partial regular vine copula,Variational LSTM (VLSTM),Cross-market financial data,Embedded,Kebutuhan memodelkan ketergantungan struktur dinamis dimensi tinggi di antara multivariabel nonnormal.,,,
Anantha Pandi S.; Sathyasri B.,"Anantha Pandi, S. (60238214900); Sathyasri, B. (56656554100)",Multimetric-Based Optimization of Cluster Selection and Data Redundancy Elimination Through Copula Variational LSTM in Wireless Sensor Networks,10.1002/dac.70355,https://www.scopus.com/pages/publications/105024757129?origin=resultslist,"In wireless sensor networks (WSN), the sensor nodes are deployed randomly where the sensor nodes are not positioned away from each other. The intersection of sensing ranges creates an overlapping area. Every sharing node perceives the same event and generates redundant and associated data if it takes place inside the overlapping area. In this paper, a multimetric-based optimization of cluster selection and data redundancy elimination through copula variational LSTM in wireless sensor networks (CS-DRE-CVLSTM-WSN) is proposed. Initially, cluster formation using semantic invariant multiview clustering (SIMVC) for data aggregation in WSN by leveraging data characteristics and connectivity patterns is discussed. Then, the clusters formed are given to the Wader Hunt Optimization Algorithm (WHOA) for cluster head selection. For this, a novel method to enhance data redundancy elimination efficiency, considering factors, like trust degree computation, energy efficiency, link quality, path loss, distance from the target node to the base station, and aggregation delay is proposed. The selected clusters are fed into copula variational LSTM (CV-LSTM) to optimize cluster selection and predict temporal trends in key network metrics. The offline meta RL (OMRL) framework is proposed to suppress redundant data streams and decide which data to transmit or aggregate. The reward system assigns positive values for efficient aggregation and reduced communication costs, while penalizing data loss or unnecessary transmissions. The output is a set of policies for effective data aggregation and redundancy elimination. The performance of the proposed CS-DRE-CVLSTM-WSN method is evaluated with existing methods like the reliable cluster dependent data aggregation scheme for IoT with hybrid deep learning methods (RC-DAS-IoT-HDL), new machine learning-driven data aggregation for predicting data redundancy in IoT connected WSN (ML-PDR-IoT-WSN), and two vector data prediction techniques for energy-efficient data aggregation in WSN (TVDP-EEDA-WSN), respectively. © 2025 John Wiley & Sons Ltd.",Include,Jaringan Sensor Nirkabel (Wireless Sensor Networks),Copula Variational LSTM,Copula Variational LSTM (CV-LSTM),WSN simulation data,Embedded,Kepadatan sensor menyebabkan banyak data redundan dari titik tumpang tindih (overlapping) area jangkauan.,,,
Chu J.Z.K.; Than J.C.M.; Thon P.L.; Jo H.S.,"Chu, Jasmin Z. K. (58675881700); Than, Joel C. M. (56426923300); Thon, Pun Liang (57433495200); Jo, Hudyjaya Siswoyo (46661782600)",Investigation on Insurance Purchase Classification for Insurance Recommendation Using Deep Learning and Class Propagation,10.1109/ICSECS58457.2023.10256401,https://www.scopus.com/pages/publications/85175455730?origin=resultslist,"A majority of insurers are in the opinion that Artificial Intelligence (AI) has potential to create a better customer experience, improve direction-making and achieve cost savings. One area of interest for AI in insurance is in the area of recommendation of on-demand insurance policies. This automated recommendation can expedite the process of insurance recommendation as it does not involve any agents. This research involves the utilization of insurance dataset, comprising 9422 records and 86 customer features related to social-demographics and insurance purchases. The data is transformed into a graph-based representation using Stellar Graph to capture the interrelationships between features and fit into a Graph Convolutional Network (GCN). Additionally, other AI techniques such as Long Short-term Memory Networks (LSTM), Decision Tree (DT), and Support Vector Machines (SVM) were also considered. To address the issue of imbalanced data in the dataset, various class propagation techniques such as Borderline-SMOTE, Adaptive Synthetic Sampling Approach (ADASYN), and Gaussian Copula were employed with different data size ratio distributions. Overall, GCN performs well with 50:50 ratio distribution in three of the different oversampling techniques, indicating that the graph- based structure and processing algorithm of GCN are suitable for recommendation systems. © 2023 IEEE.",Include,Rekomendasi Pembelian Asuransi,Gaussian Copula,LSTM,Insurance dataset,Pipeline (Data Oversampling),Mengatasi data yang sangat tidak seimbang (imbalanced dataset) sebelum melatih jaringan Deep Learning.,,,
Li Y.; Yin M.; Zhu K.,"Li, Yizhen (59070856800); Yin, Ming (55230000100); Zhu, Kuiyu (57225174499)",Short Term Passenger Flow Forecast of Metro Based on Inbound Passenger Plow and Deep Learning,10.1109/CISCE52179.2021.9446016,https://www.scopus.com/pages/publications/85111464119?origin=resultslist,"Based on the suitable artificial intelligence model, this paper establishes the short-term passenger flow forecasting model of subway, studies the correlation characteristics that affect the short-term passenger flow forecasting of subway, and combines with the existing results, selects five related forecasting variables through data analysis, and uses copula correlation coefficient and Granger causality correlation analysis to process a large number of swipe card data. The weather factors, holidays, peak, the number of relevant stations and the number of outbound factors, are analyzed. By extracting the features that affect the accuracy of passenger flow forecast, using multiple constraints and taking the 15 minute interval as the time granularity, a passenger flow forecast method based on the combination of inbound passenger flow feature fusion and neural network prediction model (LSTM) is proposed. It not only improves the accuracy of passenger flow prediction, but also provides the basis for management decision-making, and provides reference information for people's travel. © 2021 IEEE.",Include,Prediksi Arus Penumpang Kereta Bawah Tanah,Copula correlation coefficient,LSTM,Swipe card data,Pipeline (Feature selection),Sulitnya mengekstraksi variabel dan menganalisis korelasi cuaca/hari libur terhadap arus penumpang stasiun.,,,
Jahangir H.; Gougheri S.S.; Vatandoust B.; Golkar M.A.; Ahmadian A.; Hajizadeh A.,"Jahangir, Hamidreza (57189052700); Gougheri, Saleh Sadeghi (57220767461); Vatandoust, Behzad (57194046204); Golkar, Masoud Aliakbar (56359058000); Ahmadian, Ali (60087709800); Hajizadeh, Amin (22955168600)",Plug-in Electric Vehicle Behavior Modeling in Energy Market: A Novel Deep Learning-Based Approach with Clustering Technique,10.1109/TSG.2020.2998072,https://www.scopus.com/pages/publications/85092144121?origin=resultslist,"Growing penetration of Plug-in Electric Vehicles (PEVs) in the transportation fleet and their subsequent charging demands introduce substantial intermittency to the electric load profile which imposes techno-economic challenges on power distribution networks. To address the uncertainty in demand, a novel deep learning-based approach equipped with a hybrid classification task is developed which can take into account the travel characteristics of the PEV owners. The classification structure helps us scrutinize the PEVs demand by allocating a specific forecasting network to each cluster of travel behavior patterns. In our hybrid classification task, first, an unsupervised classifier discerns hidden travel-behavior patterns between the historical PEVs data by clustering them; then, a supervised classifier directs each new PEV data to its appropriate cluster-specific forecasting network. The deep learning-based forecasting and classification networks are constructed based on the Long Short-Term Memory networks to investigate long- and short term features in PEV behaviors. The data-driven structure of our proposed method enables us to observe and preserve the correlation between PEV travel data parameters (departure time, arrival time and traveled distance) and avoid the generation of unrealistic travel samples found in scenario-based approaches. To verify the effectiveness of the proposed method in practical environments, we have studied the impact of the precise forecasting of the PEVs demand in an aggregator's financial profit in the energy market of the California Independent System Operator market. The numerical results confirm the outstanding performance of our proposed deep learning-based method in forecasting PEVs demand against benchmark approaches in this field such as Monte Carlo, Quasi-Monte Carlo, and Copula with only a 6.77% error in comparison with real data. © 2010-2012 IEEE.",Exclude,Pemodelan Perilaku Kendaraan Listrik (PEV),Copula (sebagai benchmark),LSTM,"California Independent System Operator market, United States",Tidak ada,"Copula hanya digunakan murni sebagai salah satu komparator/baseline, bukan diintegrasikan dengan LSTM.",,,
Liu Q.; Ma H.; Chu X.; Ma B.; Wang Z.,"Liu, Qingxiu (57211458984); Ma, Hongzhan (56611017100); Chu, Xuening (7102057233); Ma, Binbin (57211050010); Wang, Zheng (57844595900)",Performance assessment and anomaly detection of wind turbine based on long short time memory-auto encoder neural network; [基于长短时记忆-自编码神经网络的风电机组性能评估及异常检测],10.13196/j.cims.2019.12.022,https://www.scopus.com/pages/publications/85077952813?origin=resultslist,"Performance assessment and anomaly detection of wind turbine are important for product health monitoring. Previous performance assessment models seldom considered the sequential characteristic of data and complex operation conditions in performance monitoring, which led to low accuracy, and the function modules related to the abnormality are not identified based on the performance assessment, resulting in high maintenance cost. For these problems, a new method was proposed to assess performance and detect anomaly points of wind turbine based on Long Short Time Memory-Auto Encoder (LSTM-AE) neural network. A performance assessment model was constructed based on LSTM units and AE to compute the index that described the abnormality of wind turbine performance. By comparing with the adaptive threshold which was calculated through Support Vector Regression (SVR), the anomaly points were identified. For different performance parameters, Gaussian Copula entropy was employed to estimate the mutual information. By sorting the mutual information, the critical performance parameters were finally identified, and then mapped to function models. A case study results showed that the proposed method could effectively process the data with sequential characteristic and improve the accuracy of anomaly detection. © 2019, Editorial Department of CIMS. All right reserved.",Exclude,Penilaian kinerja dan deteksi anomali turbin angin,Gaussian Copula Entropy,LSTM-AE,Data operasional turbin angin,Tidak ada,Gaussian Copula Entropy hanya digunakan untuk menghitung mutual information dalam pemilihan parameter penting (feature selection).,,,
Yue S.; Wei A.; Guo Y.; Chang X.; He Y.; Ji X.; Zou J.; Tang K.; Wang Z.,"Yue, Shengbo (59936949300); Wei, Anlei (7102889818); Guo, Yangyang (59938028500); Chang, Xiaofan (59937846400); He, Yifan (60599144700); Ji, Xiaodan (60599184200); Zou, Jirui (59141632100); Tang, Kangrong (59142217900); Wang, Zixuan (59305745700)",Developing risk-decision rules for aeration in wastewater treatment plants using copula-enhanced machine learning with feature smoothing,10.1016/j.biortech.2026.134724,https://www.scopus.com/pages/publications/105036722044?origin=resultslist,"Operational instability in biological wastewater treatment systems can lead to inefficient aeration and elevated energy consumption. Accurate prediction of key process variables, including ammonia nitrogen, dissolved oxygen (DO), and mixed liquor suspended solids (MLSS), is essential for maintaining stable nitrification and energy-efficient aeration control. However, imbalanced data distributions and rare abnormal events often reduce model robustness. To address this challenge, this study develops an integrated predictive and risk assessment framework that incorporates feature distribution smoothing (FDS) into several machine learning models, including long short-term memory (LSTM), extreme gradient boosting (XGBoost), temporal convolutional networks (TCN), and support vector machines (SVM). Two input schemes are evaluated, namely direct historical time series and combined with the FDS method. Results show that the FDS-enhanced scheme significantly improves predictive stability across all variables, with the TCN model achieving the most consistent performance. Furthermore, copula-based joint probability analysis was applied to characterize compound abnormal states involving simultaneous fluctuations in ammonia nitrogen, DO, and MLSS. The resulting probabilistic relationships enable risk-informed aeration management and early warning of potential process instability, providing a practical tool for improving the stability and energy efficiency of biological wastewater treatment systems. © 2026 Elsevier Ltd. All rights are reserved, including those for text and data mining, AI training, and similar technologies.",Exclude,Prediksi dan manajemen risiko aerasi pada instalasi pengolahan air limbah,Copula based Joint Probability Analysis,LSTM,"Data proses instalasi pengolahan air limbah (ammonia nitrogen, dissolved oxygen (DO), mixed liquor suspended solids (MLSS))",Tidak ada,Ketidakseimbangan data dan sulitnya memodelkan kejadian abnormal.,,,
Nazeri Tahroudi M.; Mirabbasi R.,"Nazeri Tahroudi, Mohammad (57201505687); Mirabbasi, Rasoul (51864256700)",Frequency decomposition associated with machine learning algorithms and copula modeling for river flow prediction,10.1007/s00477-023-02425-0,https://www.scopus.com/pages/publications/85151281725?origin=resultslist,"Due to the increasing frequency of extreme rainfalls in recent years, it is necessary to use more precise models in simulating extreme rainfall. In recent years, machine learning models have been widely used for this purpose. The accuracy of machine learning models can be improved by increasing the dimension. This study aims to introduce the wavelet-copula approach, and investigate the effect of signal decomposition on the accuracy of daily river flow prediction in the Qale Shahrokh, a sub-basin in the Zayanderood dam basin, Iran, during 1994–2019. For this purpose, the wavelet theory and Daubechies 4 wavelet at two levels, 1 and 2, were used considering three different input patterns. Long short-term memory (LSTM), Gaussian Process Regression (GPR), Random Forest (RF), copula-based model, and Kstar models were also used in simple and hybrid wavelet modes with 45 different patterns as input of models. The results indicated that the increase in dimension and the use of signal decomposition in the predictions caused an increase in the error of the Kstar model. In other investigated models, the decomposition of the main input signals has reduced the error and improved the model's efficiency. The LSTM and copula models with P3L2 input pattern had the lowest RMSE values of 16.06 and 18.17 (m3/s), respectively. The P3L2 pattern includes the input model 3 (rainfall values of 4 stations and river flow values of 2 stations) and level 2 wavelet decomposition. However, the LSTM model provided more out-of-domain points than the copula model. Although the error rate of the LSTM model was lower than the copula-based model in the P3L2 pattern, the LSTM model overestimated the maximum river flow rate by about 30%. For this reason, the copula-based model and the P3L2 pattern were recommended as the best model and pattern for predicting the daily river flow in the Qale Shahrokh sub-basin. © 2023, The Author(s), under exclusive licence to Springer-Verlag GmbH Germany, part of Springer Nature.",Exclude,Prediksi debit aliran sungai harian,Copula based Model (Wavelet-Copula),LSTM,"Qale Shahrokh sub-basin, Zayanderood Dam Basin, Iran (1994–2019)",Parallel (LSTM dan Copula dibandingkan sebagai model berbeda),Prediksi debit sungai ekstrem masih kurang akurat.,,,
Liang F.; Zhang N.; Jian S.; Gao Y.; Dou S.; Yu X.,"Liang, Faxian (60685219000); Zhang, Nan (37029083200); Jian, Shengqi (53986329100); Gao, Yunfa (60603826600); Dou, Shentang (36801533700); Yu, Xin (16205352900)",Stage-transition mechanism of forest–grass vegetation coverage in machine-learning simulation of event-scale suspended sediment concentration processes,10.1016/j.jenvman.2026.130168,https://www.scopus.com/pages/publications/105041416606?origin=resultslist,"Vegetation restoration is widely regarded as a key measure for mitigating soil erosion in the middle reaches of the Yellow River. However, the regulation of flood sediment transport by forest–grass vegetation coverage (Ve) shows strong nonlinear characteristics and threshold effects. This makes it difficult for traditional physical models to accurately describe sediment production responses across different vegetation stages. To address this issue, this study proposes a stage-specific water–sediment simulation framework that integrates Ve threshold identification with machine learning, namely a threshold-aware modeling framework. Four typical basins in the middle reaches of the Yellow River, namely the Kuye, Wuding, Fen, and Wei River basins, were selected as the study areas. Based on multi-source data from 1979 to 2025, including flood events, rainfall, Ve, and land use, random forest was first used to identify the dominant factors controlling sediment production. The exponential function, piecewise linear regression, and Copula model were then combined to identify Ve threshold bands from three perspectives: functional form, structural breakpoint, and probability dependence. Based on the identified thresholds, threshold information was embedded into LSTM, XGBoost, and SVR models to construct overall and stage-specific simulation scenarios.The results show that: (1) Ve and rainfall are the key factors controlling sediment production; (2) clear Ve threshold bands exist in all basins, with recommended ranges of 31%∼35% for the Kuye River Basin, 27%∼32% for the Wuding River Basin, 23%∼28% for the Fen River Basin, and 20%∼23% for the Wei River Basin; (3) model performance improved significantly after introducing threshold information. Taking the Kuye River Basin as an example, the NSE values of the LSTM, XGBoost, and SVR models increased to 0.858, 0.861, and 0.830, respectively; and (4) vegetation exerted a strong regulatory effect on suspended sediment concentration in the pre-threshold stage, whereas the system gradually shifted to a sediment-supply-limited state in the post-threshold stage, with a markedly weakened marginal vegetation effect. This study reveals the stage-specific regulatory mechanism of vegetation restoration on water–sediment processes. It also provides new theoretical and methodological support for intelligent modeling of complex water–sediment systems and ecological management of river basins. © 2026",Include,Simulasi konsentrasi sedimen tersuspensi skala kejadian,Copula Model,LSTM,"Four river basins in the middle reaches of the Yellow River, China (1979–2025)",Embedded (Threshold hasil model Copula diintegrasikan ke dalam LSTM),Model tradisional sulit menangkap hubungan nonlinier dan efek ambang vegetasi terhadap transport sedimen.,,,
Zhang Q.; Li Y.P.; Huang G.H.; Wang H.; Li Y.F.; Shen Z.Y.,"Zhang, Q. (56647088500); Li, Y.P. (54780033900); Huang, G.H. (57226532645); Wang, H. (58786220700); Li, Y.F. (57211569130); Shen, Z.Y. (56438411200)",Multivariate time series convolutional neural networks for long-term agricultural drought prediction under global warming,10.1016/j.agwat.2024.108683,https://www.scopus.com/pages/publications/85182502093?origin=resultslist,"Agricultural drought (AD) is disastrous to crop production and plant growth. The prediction of AD with sufficient lead time is helpful for developing agricultural water strategy, particularly under the context of global warming. However, the previous studies mainly focused on short lead times (1–6 months) and only used 3 or less variables to predict AD through copula models. In this study, a novel multivariate time series convolutional neural network (T-CNN) is developed to predict AD with long lead times based on multiple meteorological variables. To demonstrate its feasibility and novelty, T-CNN is used in the Aral Sea Basin (ASB) where agricultural production is dominant. Three global climate models (GCMs) and three shared socioeconomic pathways (SSPs) from CMIP6 are considered during 2026–2100. Results indicate that (1) precipitation, temperature, potential evapotranspiration, relative humidity and northward wind are significantly correlated with AD, and are selected as the predictors of AD; (2) compared with the conventional CNN and convolutional long short-term memory (ConvLSTM), T-CNN's performance is better, taking only about 10% of the computation time of ConvLSTM; (3) T-CNN can effectively extract the spatiotemporal characteristics of meteorological predictors and reproduce AD, showing high correlation coefficients (R>0.9) for 92.5% of the grids across ASB; (4) the result of simple model averaging (SMA) is better than other GCMs, indicating that the spatial differences in AD would become more pronounced with increasing time and emission level; (5) compared with the historical period, under SSP585, the extreme drought would increase 0.20 months/year (2026–2050), 0.23 months/year (2051–2075) and 0.28 months/year (2076–2100). The results highlight the spatiotemporal variation of AD in 21st century with a high resolution (0.1°×0.1°), which can provide scientific support for agricultural water management and long-term drought prevention in ASB. © 2024 The Authors",Exclude,Prediksi kekeringan pertanian jangka panjang,Copula Models (penelitian terdahulu/baseline),ConvLSTM,"Aral Sea Basin, CMIP6 GCMs, Kazakhstan;Uzbekistan (2026–2100)",Tidak ada,Prediksi jangka panjang dengan banyak variabel masih terbatas.,,,
Wang Z.; Xu X.; Trajcevski G.; Zhang K.; Zhong T.; Zhou F.,"Wang, Zhiyuan (57843340900); Xu, Xovee (57218792252); Trajcevski, Goce (57203251313); Zhang, Kunpeng (55475042000); Zhong, Ting (14326514100); Zhou, Fan (57191032864)",PrEF: Probabilistic Electricity Forecasting via Copula-Augmented State Space Model,10.1609/aaai.v36i11.21480,https://www.scopus.com/pages/publications/85146657696?origin=resultslist,"Electricity forecasting has important implications for the key decisions in modern electricity systems, ranging from power generation, transmission, distribution and so on. In the literature, traditional statistic approaches, machine-learning methods and deep learning (e.g., recurrent neural network) based models are utilized to model the trends and patterns in electricity time-series data. However, they are restricted either by their deterministic forms or by independence in probabilistic assumptions - thereby neglecting the uncertainty or significant correlations between distributions of electricity data. Ignoring these, in turn, may yield error accumulation, especially when relying on historical data and aiming at multi-step prediction. To overcome these, we propose a novel method named Probabilistic Electricity Forecasting (PrEF) by proposing a non-linear neural state space model (SSM) and incorporating copula-augmented mechanism into that, which can learn uncertainty-dependencies knowledge and understand interactive relationships between various factors from large-scale electricity time-series data. Our method distinguishes itself from existing models by its traceable inference procedure and its capability of providing high-quality probabilistic distribution predictions. Extensive experiments on two real-world electricity datasets demonstrate that our method consistently outperforms the alternatives. Copyright © 2022, Association for the Advancement of Artificial Intelligence (www.aaai.org). All rights reserved.",Exclude,Peramalan probabilistik beban listrik,Copula Augmented Mechanism,-,Dua dataset kelistrikan dunia nyata,Tidak ada,Model konvensional belum mampu menangkap ketidakpastian dan dependensi antar variabel pada prediksi multi-step.,,,
Xiong X.; Qing G.,"Xiong, Xiaoping (55510340900); Qing, Guohua (57471257200)",A hybrid day-ahead electricity price forecasting framework based on time series,10.1016/j.energy.2022.126099,https://www.scopus.com/pages/publications/85142710721?origin=resultslist,"Electricity price forecasting (EPF) plays an indispensable role in the decision-making processes of electricity market participants. However, the complexity of electricity markets has made EPF increasingly difficult. Currently, popular methods for EPF are based on signal decomposition and suffer from computational redundancy and hyperparameter optimization challenges. In this paper, we propose a new hybrid forecasting framework to improve the forecasting accuracy of day-ahead electricity prices. The proposed model consists of three valuable strategies. First, an adaptive copula-based feature selection (ACBFS) algorithm based on the maximum correlation minimum redundancy criterion is proposed for selecting model input features. Second, a new method of signal decomposition technique for EPF field is proposed based on decomposition denoising strategy. Third, a Bayesian optimization and hyperband (BOHB) optimized long short-term memory (LSTM) model is used to improve the effect of hyperparameter settings on the prediction results. The effectiveness of the different techniques was broadly cross-validated using five datasets set up for the PJM electricity market, and the results indicated that the proposed hybrid algorithm is more effective and practical for day-ahead EPF. © 2022 Elsevier Ltd",Include,Prediksi harga listrik harian (Day-ahead Electricity Price Forecasting),Adaptive Copula Based Feature Selection (ACBFS),LSTM,"Five datasets from the PJM electricity market, United States",Pipeline (Copula-based feature selection dan LSTM),Metode EPF berbasis dekomposisi masih mengalami redundansi komputasi dan optimasi hiperparameter yang kurang optimal.,,,
Han S.; Qiao Y.-H.; Yan J.; Liu Y.-Q.; Li L.; Wang Z.,"Han, Shuang (36084363500); Qiao, Yan-hui (57216324729); Yan, Jie (55467807500); Liu, Yong-qian (55928266200); Li, Li (56345884400); Wang, Zheng (57844595900)",Mid-to-long term wind and photovoltaic power generation prediction based on copula function and long short term memory network,10.1016/j.apenergy.2019.01.193,https://www.scopus.com/pages/publications/85060872385?origin=resultslist,"The accurate estimation of mid-to-long term wind and photovoltaic power generation is important to the power grid's plan improvement, dispatching optimization, management development, and consumption enhancement. These constitute key factors for the realization of power mutual assistance and complementary dispatch of power generation in the broad area of renewable energy. However, owing to the large time scale of mid-to-long term prediction, the low accuracy of weather prediction, the limited data samples of historical power generation, and the significant difference between power generation prediction and short-term power prediction, short-term power prediction technology cannot be directly copied. Thus, the industry has not established yet an effective approach for mid-to-long term wind and photovoltaic power generation predictions. To solve these problems, this study proposed a method for the mid-to-long term wind and photovoltaic power generation prediction based on copula function and long short term memory network to achieve an effective extraction of the key meteorological factors that affect power generation owing to nonlinear effects and tendencies, and to deeply exploit the long-term dependencies and tendencies from the limited available data samples. Therefore, the proposed approach is suitable for mid-to-long term wind and photovoltaic power generation prediction using limited data samples. Firstly, the non-linear effects and tendency correlation measurements of the copula function were used to extract the key meteorological factors that influence wind and photovoltaic power generation. Secondly, independent wind/photovoltaic prediction models were established based on long short term memory network using the best input condition obtained by comparing these models to the persistence model. Additionally, the independent wind/photovoltaic models were further compared to support vector machine model with the optimal input condition. Thirdly, the joint prediction models of wind and photovoltaic power generation based on long short term memory network were established using different inputs. The persistence model and the support vector machine model were used as benchmarks to compare the elicited performances. Finally, the validity and applicability of the proposed approach were extensively evaluated using actual data from wind farms and photovoltaic power stations in China and the United States. The independent and joint power generation prediction results demonstrated that the proposed approach outperforms both the persistence model and the support vector machine model, and can have widespread applicability in limited data sample cases. © 2019",Include,Prediksi pembangkitan listrik tenaga angin dan fotovoltaik jangka menengah hingga panjang,Copula Function,LSTM,"Wind farms and photovoltaic power stations, China;United States","Pipeline (Copula mengekstraksi faktor meteorologi, kemudian LSTM digunakan untuk prediksi)",Prediksi jangka menengah-panjang terkendala hubungan nonlinier dan keterbatasan data historis.,,,
Deng Q.,"Deng, Qi (60645127100)",Forecasting financial market volatility and its risk assessment in digital economy based on time series computational analysis,10.65102/is2026980,https://www.scopus.com/pages/publications/105039791983?origin=resultslist,"This paper centers on the problem of predicting the volatility of financial markets and assessing their risks. Firstly, a financial market forecasting method based on EEMD-LSTM is realized. The realized volatility forecasting model based on EEMD-LSTM is constructed with the realized volatility series of CSI 300 index as the research object. And RMSPE, R²and MAE are used as the evaluation indexes of the model's forecasting effect to compare the experiments with the comparison model. Then the VaR calculation method based on Copula function to improve the traditional Monte Carlo simulation (MC) method is proposed for financial market risk assessment. Applied to the trading data of PetroChina stock market, the calculation results show that the Copula-MC method is more accurate and effective in approaching the actual VaR.When the EEMD-LSTM-based financial market prediction method and the risk assessment method based on Copula-MC are used in combination, the effect of estimating VaR is more satisfactory, and the method in this paper can effectively predict the volatility of the financial market and compute the value of its risk. © 2026, Medinlin Soft. All rights reserved.",Exclude,Prediksi volatilitas dan penilaian risiko pasar keuangan,Copula Monte Carlo (Copula MC),EEMD-LSTM,"CSI 300 Index; PetroChina stock market, China","Sequential (Prediksi volatilitas menggunakan EEMD-LSTM, kemudian Copula-MC untuk estimasi VaR)",Prediksi volatilitas dan estimasi risiko pasar masih kurang akurat.,,,
Zhu K.; Gao G.; Li Y.; Yan J.; Mao W.,"Zhu, Kedong (56005405800); Gao, Guanzhong (57575170900); Li, Yaping (49961873500); Yan, Jiahao (57201528686); Mao, Wenbo (55899715100)",Short-term net-load forecasting based on LSTM enhanced by adaptive adjustment and multi period prediction mechanism,10.1109/ICISCAE62304.2024.10761540,https://www.scopus.com/pages/publications/85214696415?origin=resultslist,"As one of the most challenging issues in the new type power systems, many scholars pay attention to net-load forecasting. Aimed at this problem, a combined forecasting model based on long short term memory (LSTM) enhanced by adaptive adjustment and multi period prediction mechanism is presented. In this paper, Gaussian Copula correlation analysis is used for mining the relationship between net-load and distributed energy generation, with the advantage of complexity quantification. Then, the base model of net-load forecasting is built by LSTM due to its advantage of mining the useful information behind the historical samples. A polynomial decay learning rate adaptive adjustment method is introduced for improving the overall training effectiveness of LSTM. Moreover, multi period prediction mechanism can enhance the temporal coupling characteristics among the features. From the simulation experiments, the proposed methodology can perform best among all the algorithms for comparison. ©2024 IEEE.",Exclude,Prediksi beban bersih (Net-load forecasting) jangka pendek,Gaussian Copula Correlation Analysis,LSTM,Net-load dan distributed energy generation data,"Pipeline (Gaussian Copula untuk analisis korelasi, LSTM untuk prediksi)",Hubungan kompleks antara net-load dan pembangkitan energi terdistribusi sulit dimodelkan.,,,
,,"22nd Pacific-Asia Conference on Advances in Knowledge Discovery and Data Mining, PAKDD 2018",,https://www.scopus.com/pages/publications/85049377539?origin=resultslist,The proceedings contain 54 papers. The special focus in this conference is on Advances in Knowledge Discovery and Data Mining. The topics include: Automatic Chinese reading comprehension grading by LSTM with knowledge adaptation; data mining with algorithmic transparency; cost-sensitive reference pair encoding for multi-label learning; Fuzzy integral optimization with deep Q-network for EEG-based intention recognition; heterogeneous domain adaptation based on class decomposition schemes; a deep neural spoiler detection model using a genre-aware attention mechanism; robust semi-supervised learning on multiple networks with noise; ε -distance weighted support vector regression; corrosion prediction on sewer networks with sparse monitoring sites: A case study; CAPED: Context-aware powerlet-based energy disaggregation; social stream classification with emerging new labels; rolling forecasting forward by boosting heterogeneous kernels; IDLP: A novel label propagation framework for disease gene prioritization; deep learning for forecasting stock returns in the cross-section; vine copula-based asymmetry and tail dependence modeling; detecting forged alcohol non-invasively through vibrational spectroscopy and machine learning; research and application of mapping relationship based on learning attention mechanism; Human identification via unsupervised feature learning from UWB radar data; prescriptive analytics through constrained bayesian optimization; neighborhood constraint matrix completion for drug-target interaction prediction; detecting hypopnea and obstructive apnea events using convolutional neural networks on wavelet spectrograms of nasal airflow; exploiting anti-monotonicity of multi-label evaluation measures for inducing multi-label rules; deep ensemble classifiers and peer effects analysis for churn forecasting in retail banking; GBTM: Graph based troubleshooting method for handling customer cases using storage system log; learning treatment regimens from electronic medical records.,Exclude,-,-,-,-,Tidak ada,"Merupakan prosiding konferensi, bukan artikel penelitian.",,,
Fan Y.; Wang B.; Qian X.; Mo R.; Xu C.; Zeng Y.; Zhu F.; Xu B.; Tan J.; Zhong P.-A.,"Fan, Yukun (59188339000); Wang, Bin (59866278500); Qian, Xinyuan (7402052409); Mo, Ran (57226109048); Xu, ChengJing (57225045561); Zeng, Yurou (58644240200); Zhu, Feilin (55965133800); Xu, Bin (56422840100); Tan, Jiaying (59559945400); Zhong, Ping-an (23478995600)",Day-ahead stochastic optimization scheduling for wind-PV-hydro hybrid system under source-load forecasting uncertainty,10.1016/j.epsr.2025.112500,https://www.scopus.com/pages/publications/105021249918?origin=resultslist,"In high-renewable-penetration power systems, day-ahead scheduling serves as a critical link between medium-term planning and real-time operation. To overcome limitations in existing methods and literature, such as inaccurate short-term source-load forecasting and inadequate uncertainty modeling in multi-energy systems, this paper designs an integrated technical framework. First, Long Short-Term Memory model enhanced with Multi-Head Attention (LSTM-MHA) is developed for source-load forecasting. Then, use Vine-Copula coupled with Simultaneous Backward Reduction (SBR) for scenario generation and reduction. Finally, a multi-objective stochastic scheduling model is constructed to balance profit and remaining load fluctuations. The proposed framework is applied in a wind-photovoltaic (PV)-hydro clean energy base in western China. Results indicate: 1) LSTM-MHA significantly improves forecasting accuracy, for example, Root Mean Square Error (RMSE) of PV outputs is under 10%. 2) The Vine-Copula-based uncertainty modeling method overcomes the limitations of traditional random sampling in capturing correlations, enhancing scenario rationality. 3) Forecasting errors elevate the Pareto front, increasing remaining load fluctuations under identical profits and urging conservative strategies. 4) Source-load uncertainties exhibit synergistic effects near the maximum profit objective but transition to antagonistic near the remaining load objective. The compromise solution is less affected by uncertainty disturbances. Decision-makers should prioritize compromise solutions to enhance operational reliability. © 2025 Elsevier B.V.",Include,Penjadwalan stokastik sistem hybrid angin–PV–hidro,Vine Copula,LSTM-MHA,"Wind-PV-hydro clean energy base, China","Pipeline (LSTM-MHA untuk prediksi, Vine-Copula untuk pemodelan ketidakpastian)",Ketidakakuratan prediksi dan pemodelan ketidakpastian pada sistem multi-energi.,,,
Koo E.; Kim G.,"Koo, Eunho (57221149992); Kim, Geonwoo (55386013200)",Prediction of Bitcoin price based on manipulating distribution strategy,10.1016/j.asoc.2021.107738,https://www.scopus.com/pages/publications/85111297500?origin=resultslist,"Since Bitcoin has been the most popular digital currency in the global financial market, the prediction of its price has been an important area in finance. Recently, numerous researches on prediction of financial indices including Bitcoin based on machine learning techniques have been developed. However, little studies pay attention to the strategy of manipulating original distribution to obtain better performances. Because the return data of Bitcoin prices are highly concentrated near zero, small changes of values in the components can cause different results. Based on this characteristic, we propose flattening distribution strategy (FDS) based on the copula theory as a strategy of the manipulating distribution of components artificially to improve the prediction of Bitcoin price return. We consider multilayer perceptron (MLP), recurrent neural networks (RNN), and long short-term memory (LSTM) to assess the performances of FDS. Finally, we find that the proposed algorithms based on FDS improve significantly the prediction accuracy of the return of Bitcoin price for each of the three architectures. © 2021 Elsevier B.V.",Include,Prediksi harga Bitcoin,Flattening Distribution Strategy (FDS) based on Copula Theory,LSTM,Bitcoin price return data,"Pipeline (Copula-based FDS untuk manipulasi distribusi data, kemudian LSTM untuk prediksi)",Distribusi return Bitcoin sangat tidak seimbang sehingga menurunkan akurasi prediksi.,,,
Long J.; Xu C.; Wang Y.; Zhang J.,"Long, Junchen (59178091900); Xu, Changchun (56001182000); Wang, Yazhen (59177335300); Zhang, Jing (59177793800)",From meteorological to agricultural drought: Propagation time and influencing factors over diverse underlying surfaces based on CNN-LSTM model,10.1016/j.ecoinf.2024.102681,https://www.scopus.com/pages/publications/85196302050?origin=resultslist,"As global warming intensifies and extreme weather events become more frequent, the severity of drought conditions in China's Xinjiang region has escalated. This exacerbates socio-economic pressures in the area and presents increasingly formidable challenges for the future. In response to these challenges, researching drought phenomena in Xinjiang is imperative. This study employs Bayesian methods and copula functions to estimate drought propagation time. It utilizes a hybrid deep learning model (CNN-LSTM) to analyze the process of drought propagation and its influencing factors across four land cover types: crops, forest land, grassland, and unused land. The findings indicate that Cropland experiences the longest average time of drought propagation (5.27 months), while forests have the shortest duration (4.2 months). Unused land and grassland exhibit similar average durations of propagation (4.8 months). On an annual scale, drought propagation time for each land type manifests in two phases: from January to May and from June to December. The former phase shows propagation time ranging from 6 to 9 months, while the latter ranges from 1 to 5 months; both demonstrate an increasing trend over time. Seasonally, all Land Cover Types exhibit a pattern of shorter propagation times in summer and autumn compared with winter and spring. Moreover, a longer time of drought propagation correlates with a greater disparity between meteorological and resultant agricultural drought severity. In analyzing the influence of factors on drought propagation, soil moisture content and El Niño-Southern Oscillation(ENSO) were found to significantly impact all Land Cover Types, progressively strengthening their influence over the years. © 2023",Exclude,Analisis propagasi kekeringan meteorologis ke pertanian,Copula Function,CNN-LSTM,"Xinjiang, China","Pipeline (Copula untuk estimasi waktu propagasi, CNN-LSTM untuk analisis propagasi)",Estimasi waktu propagasi kekeringan dan faktor yang memengaruhinya masih belum dipahami dengan baik.,,,
Li K.; Huang G.; Wang S.; Razavi S.; Zhang X.,"Li, Kailong (57193330752); Huang, Guohe (55489745300); Wang, Shuo (57218333111); Razavi, Saman (39062138000); Zhang, Xiaoyue (57330345400)",Development of a Joint Probabilistic Rainfall-Runoff Model for High-to-Extreme Flow Projections Under Changing Climatic Conditions,10.1029/2021WR031557,https://www.scopus.com/pages/publications/85132946744?origin=resultslist,"Machine learning (ML) models have been widely used for hydrological simulation. Previous studies have reported that conventional ML models fail to accurately simulate extreme flows which are crucial for design flood estimation and associated risk analysis in the context of climate change. Therefore, this study proposes a joint probabilistic rainfall-runoff model (JPRR) for improving high-to-extreme flow projection. With the aid of paired copula constructions, bootstrap aggregation, and multi-model ensemble approaches, the proposed model is able to effectively characterize the dependence relationships of predictors (i.e., precipitation time series with different moving sums) with various probability distributions. JPRR has been applied to four pristine basins in China, representing different climate zones and landscapes. The results reveal that JPRR significantly outperforms three well-known ML models (i.e., random forest, artificial neural networks, and long short-term memory) in high-to-extreme flow simulations. In JPRR, the copulas exhibiting the right tail dependence play a more important role in streamflow simulations at mountainous basins. Moreover, a significant difference in streamflow projections (from 2030 to 2099) derived from JPRR and benchmark models imply that flood risks from conventional ML models may be underestimated under changing climatic conditions. © 2022. American Geophysical Union. All Rights Reserved.",Exclude,Proyeksi curah hujan limpasan dan aliran ekstrem,Paired Copula Constructions,LSTM,"Four pristine basins, China",Tidak ada,Model ML konvensional kurang akurat dalam memproyeksikan aliran ekstrem.,,,
Şahi̇n K.N.; Sutcu M.,"Şahi̇n, Kübra Nur (58963871100); Sutcu, Muhammed (57203285174)",Probabilistic assessment of wind power plant energy potential through a copula-deep learning approach in decision trees,10.1016/j.heliyon.2024.e28270,https://www.scopus.com/pages/publications/85189100922?origin=resultslist,"In the face of environmental degradation and diminished energy resources, there is an urgent need for clean, affordable, and sustainable energy solutions, which highlights the importance of wind energy. In the global transition to renewable energy sources, wind power has emerged as a key player that is in line with the Paris Agreement, the Net Zero Target by 2050, and the UN 2030 Goals, especially SDG-7. It is critical to consider the variable and intermittent nature of wind to efficiently harness wind energy and evaluate its potential. Nonetheless, since wind energy is inherently variable and intermittent, a comprehensive assessment of a prospective site's wind power generation potential is required. This analysis is crucial for stakeholders and policymakers to make well-informed decisions because it helps them assess financial risks and choose the best locations for wind power plant installations. In this study, we introduce a framework based on Copula-Deep Learning within the context of decision trees. The main objective is to enhance the assessment of the wind power potential of a site by exploiting the intricate and non-linear dependencies among meteorological variables through the fusion of copulas and deep learning techniques. An empirical study was carried out using wind power plant data from Turkey. This dataset includes hourly power output measurements as well as comprehensive meteorological data for 2021. The results show that acknowledging and addressing the non-independence of variables through innovative frameworks like the Copula-LSTM based decision tree approach can significantly improve the accuracy and reliability of wind power plant potential assessment and analysis in other real-world data scenarios. The implications of this research extend beyond wind energy to inform decision-making processes critical for a sustainable energy future. © 2024",Include,Penilaian potensi energi pembangkit listrik tenaga angin,Copula Deep Learning; Copula LSTM,LSTM,"Wind power plant data, Türkiye (2021)",Embedded (Copula diintegrasikan dengan LSTM dalam kerangka decision tree),Ketergantungan nonlinier antar variabel meteorologi belum dimodelkan secara optimal.,,,
Sharifi M.R.; Nouri M.; Khan M.M.H.,"Sharifi, Mohammad Reza (57206398661); Nouri, Mahtab (60097693700); Khan, Md. Munir Hayet (16304362800)",Evaluation of combined models Wavelet-ARIMA-ANN and Wavelet-ARIMA-LSTM using SRGI index simulation in enhancing drought monitoring,10.22098/mmws.2025.16471.1536,https://www.scopus.com/pages/publications/105015857276?origin=resultslist,"Introduction Drought monitoring entails the simulation of indices, which are categorized into single and combined types. Historically, simulations have predominantly relied on single indices, including the Standardized Precipitation Index (SPI) and Standardized Runoff Index (SRI), resulting in limited research on drought simulation using combined indices (i.e., MSPI and SPTI), particularly in conjunction with combined models. Over the years, several single models have been developed for simulating individual drought indices. For instance, the Autoregressive Integrated Moving Average (ARIMA) model has been applied to simulate drought indices like the Standardized Precipitation Index (SPI) and Standard Index of Annual Precipitation (SIAP). Additionally, models such as Artificial Neural Networks (ANN) and Long Short-Term Memory (LSTM) have been used for simulating indices like SPI, DI, SIAP, and SHDI. Recent studies suggest that combined models outperform single models. Wavelet ARIMA ANN (W-2A) and Wavelet ANFIS combined models were used to simulate the single drought index SPEI. Other researchers have developed combined models such as ARIMA-LSTM, Wavelet-ARIMA-LSTM, Wavelet-ARIMA-ANN, and LSTM-CM to simulate single drought indices SPI, DI, and SIAP. Despite the progress in developing drought simulation models, including single models and particularly combined models, their application has primarily focused on individual indices. Historically, simulations have predominantly relied on single indices, resulting in limited research on drought simulation using combined indices, particularly in conjunction with combined models. This study has combined the strengths of the Wavelet transformation, Autoregressive Integrated Moving Average (ARIMA), Artificial Neural Network (ANN), and Long Short-Term Memory (LSTM) to test new methods of hybrid models for their ability to perform drought simulations based on the new combined index SRGI, employing the combined models W-AL and W-2A. Materials and Methods Drought was simulated in the Alashtar sub-basin between 48, 15 east longitudes and 33, 54 north latitudes, covering an area of 811 square kilometers from 1991 to 2020, utilizing individual indices such as SPI, SRI, SGI, and the combined index SRGI. The study area encompasses the Karkheh River basin. Both single models (ARIMA, LSTM, ANN) and combined models (W-AL and W-2A) were employed for this purpose. Root Mean Square Error (RMSE), Mean Absolute Error (MAE), and Mean Error (ME) were used to evaluate the performance of the models. Also, relative frequency and error distribution charts were used to evaluate and compare the results of the models. Individual indices were calculated based on fitting the best cumulative probability function to monthly precipitation, monthly discharge, and monthly water table data, respectively, for indices SPI, SRI, and SGI, and then inversely transforming them to an N (0,1). The SRGI index is a combination of two drought indices, SGI and SRI (Feng et al., 2020). For this purpose, the copula function is used to obtain the best joint probability distribution function governing precipitation and water table data. The selection of the best copula function was done through the Kolmogorov-Smirnov (K-S) test at a significance level of 5%. In the current research, four copula functions —Frank, Clayton, Gamble, and Joe—were used. The process of building the combined models includes the analysis of the time series of the studied drought index, using DWT, and decomposing it into two series, named approximate and detailed. Then, the approximate and detailed series are modeled by ARIMA and ANN, respectively, in the W-2A and by ARIMA and LSTM models, in the W-AL model. Results and Discussion The results demonstrate that the combined models W-AL and W-2A exhibit higher accuracy across all indices, both individual and combined, compared to single models ARIMA, LSTM, and ANN. The RMSE ranges for the combined models were 0.44 to 0.71, while for single models, they ranged from 0.47 to 1.54. Specifically, model W-AL displayed superior accuracy across all individual indices, with RMSEs of 0.44, 0.62, and 0.59, in contrast to model W-2A, which yielded RMSEs of 0.49, 0.71, and 0.63. However, W-AL's performance lagged behind W-2A for the combined SRGI index, with respective RMSEs of 0.64 and 0.61. Thus, the simpler model yielded more acceptable results in simulating the composite index. Conclusion Among all the combined and individual models, the combined models perform better in simulating drought, based on all indices, compared to the individual models. Therefore, it can be said that combined models are more suitable for simulating and monitoring drought compared to individual models. However, the performance of the two combined models, W-2A and W-AL, in simulating the combined SRGI index is different. The performance of the simpler W-2A model is better than the more complex W-AL model, with RMSE values of 0.61 and 0.64, respectively. Therefore, in combined indices, despite the complexity of their computational process, there is not necessarily a need to use a more complex combined model. Overall, the use of combined models is recommended for monitoring various types of indices, especially drought, based on combined indices such as SRGI. The major objectives of this study are: (1) to use hybrid models Wavelet-ARIMA-LSTM (W-AL) and Wavelet-ARIMA-ANN (W-2A) to predict monthly drought. (2) To analyze drought characteristics in the Alashtar basin based on the new combined drought index, SRGI. It is expected that the research results will help to provide decision support, which in turn will help in planning adaptive measures to reduce drought impacts and provide decision support for disaster prevention. © Author(s).",Include,Hidrologi / Meteorologi,"Frank, Clayton, Gumbel, Joe (Distribusi Gabungan)",LSTM (Wavelet-ARIMA-LSTM),"DAS Alashtar & Karkheh (Curah hujan, debit, tabel air 1991-2020)",Pipeline (Copula membentuk Indeks SRGI gabungan $\rightarrow$ diprediksi oleh model W-AL),Simulasi kekeringan didominasi indeks tunggal; studi model komposit untuk indeks gabungan sangat terbatas.,,,
Atmaja T.; Lee D.-J.,"Atmaja, Tri (57193565991); Lee, Duu-Jong (58132298600)",Integrative statistical analysis of compound flood dynamics under climate variability in China’s coastal zone,10.1016/j.jhydrol.2026.135284,https://www.scopus.com/pages/publications/105034592629?origin=resultslist,"Compound flood (CF) is a major coastal hazard exacerbated by climate change, posing significant risks to coastal communities. These events exhibit considerable temporal and spatial variability, driven by climatic factors and regional characteristics. Despite recent advances, current CF assessments often fail to adequately integrate key flood drivers—storm surge, rainfall, and river discharge—and frequently overlook the influence of climate variability. This study addresses this gap by systematically analyzing CF dynamics, integrating key flood drivers, and considering multi-scale climate variability using statistical approaches, including Gaussian copulas, Long Short-Term Memory (LSTM), and Poisson regression modeling. Utilizing daily satellite and reanalysis data from the 391-GTSM location along China’s extensive coastline (1979-2020), the results reveal apparent spatial-temporal differences in CF occurrences. Rainfall-discharge CF (CF type 4) dominates southern and central regions due to monsoon influences, whereas surge-rainfall (CF type 2) CF events primarily affect typhoon-prone coastal areas. Analysis of joint return periods indicates frequent surge-rainfall (CF type 2) and rainfall-discharge (CF type 4) events, particularly during boreal summer and autumn. Furthermore, the influence of climate variability, particularly the El Niño-Southern Oscillation (ENSO) and the Interdecadal Pacific Oscillation (IPO), significantly modulates the frequency of all CF types, exhibiting pronounced spatial variations. The predictive skill of LSTM models varied notably among CF types, with the highest accuracy for rainfall-discharge events. These findings offer critical insights into regional hydrometeorological hazards, underscoring the need to incorporate climate-driven CF dynamics into flood management strategies to enhance coastal resilience under future climate conditions. © 2026 Elsevier B.V. All rights are reserved, including those for text and data mining, AI training, and similar technologies.",Include,Hidrologi / Bencana Pesisir,Gaussian copulas,LSTM,Data satelit harian pesisir Tiongkok (1979-2020),Pipeline (Pendekatan statistik hibrida antara faktor cuaca dan prediksi),"Penilaian risiko banjir kerap gagal mengintegrasikan faktor pemicu (hujan, badai, debit sungai) di tengah variabilitas iklim.",,,
Wang L.; Zhou X.; Xu H.; Tian T.; Tong H.,"Wang, Lingyun (55721293100); Zhou, Xiang (58634653900); Xu, Honglei (57203334243); Tian, Tian (57211158172); Tong, Huamin (57217067498)",Short-term electrical load forecasting model based on multi-dimensional meteorological information spatio-temporal fusion and optimized variational mode decomposition,10.1049/gtd2.12992,https://www.scopus.com/pages/publications/85173439117?origin=resultslist,"This paper proposes a method to enhance the accuracy of power load forecasting by considering the variability in the impact of multi-dimensional meteorological information on power load in diverse regions. The proposed method employs spatio-temporal fusion (SF) of multi-dimensional meteorological information and applies the Copula theory to analyze the non-linear coupling of meteorological information from multiple stations with power load to achieve SF in the spatial dimension. To enhance the accuracy of load forecasting in the time dimension, this paper improves the core parameters of the variational mode decomposition (VMD) using the marine predators algorithm (MPA) and utilizes the weighted permutation entropy (WPE) to construct the MPA-VMD fitness function for the adaptive decomposition of the load sequence. Moreover, this paper constructs input sets for the long short-term memory model and the MPA-LSSVM model by combining each component of the time dimension and each meteorological information of the spatial dimension to obtain the prediction results of each component. The prediction model corresponding to each component is selected according to the evaluation index and reconstructed to obtain the overall prediction results. The analysis results demonstrate that the proposed forecasting method outperforms the traditional forecasting method and effectively enhances the accuracy of power load forecasting. © 2023 The Authors. IET Generation, Transmission & Distribution published by John Wiley & Sons Ltd on behalf of The Institution of Engineering and Technology.",Include,Energi (Beban Listrik),Copula Theory (Spatio-temporal fusion),LSTM,Data informasi meteorologi multi-dimensi,Pipeline Dua-Tahap (Copula untuk fusi spasial informasi cuaca $\rightarrow$ LSTM untuk deret waktu),Perbedaan (variabilitas) dampak cuaca dalam memprediksi beban daya antar berbagai area.,,,
Jelassi Z.; Hamdi H.,"Jelassi, Zied (60605199500); Hamdi, Haykel (56868370100)",Forecast-Driven Portfolio Optimization: A Machine Learning GJR-GARCH-Copula Framework for High-Frequency Mean-CVaR Portfolios,10.1109/AMCAI66110.2025.11474322,https://www.scopus.com/pages/publications/105037103942?origin=resultslist,"This study proposes a comprehensive framework for high-frequency asset price prediction and portfolio optimization, integrating machine learning techniques with econometric models to enhance risk-adjusted returns. The study develops and compares forecasting models, including Long Short-Term Memory (LSTM) networks and Random Forests, for five assets: the S&P 500 index, Gold, Brent, the Bloomberg Commodity Index, and Bitcoin. The forecasts are coupled with volatility modeling via GJR-GARCH to account for asymmetric shocks and dependence structures estimated through Student-t copulas. These components are then integrated into a Mean-Conditional Value-at-Risk (CVaR) optimization framework, which generates portfolios tailored to varying risk appetites. The findings of the study demonstrate that forecasts enhanced by machine learning techniques significantly surpass those derived from historical data-based optimization, particularly in volatile regimes. This is evidenced by the superior risk-adjusted returns achieved by portfolios guided by LSTM and RF models. The findings of this study call into question traditional asset allocation paradigms, highlighting the critical role of dynamic dependence modeling and forward-looking volatility adjustments in modern portfolio management. © 2025 IEEE.",Include,Keuangan (Finance),Student-t copulas (Struktur Dependensi),LSTM,"S&P 500, Gold, Brent, Bloomberg Commodity, Bitcoin",Pipeline (Prediksi harga oleh LSTM $\rightarrow$ Penyesuaian dependensi oleh Copula),Model aset alokasi tradisional mengabaikan dynamic dependence modeling dan penyesuaian volatilitas asimetris.,,,
Iqbal A.; Siddiqi T.A.,"Iqbal, Asif (56992366700); Siddiqi, Tanveer Ahmed (36870752200)",Multi-phase hybrid bidirectional deep learning model integrated with Markov chain Monte Carlo bivariate copulas function for streamflow prediction,10.1007/s00477-023-02632-9,https://www.scopus.com/pages/publications/85180243105?origin=resultslist,"In recent years, deep learning (DL) approaches have been proven effective in addressing high nonlinear relationships within complex systems. Although various scientific studies have primarily focused on optimizing model architecture and enhancing its computational efficiency through hybridization, they have neglected the crucial aspect of selecting appropriate predictor variables (PV) and their influence on the model’s predictions. In this paper, a new multi-phase stochastic DL model is designed with a feature selection framework for monthly streamflow prediction. The multi-phase hybrid MCMC–BC–BiLSTM–BiGRU model is based on bidirectional long short-term memory (BiLSTM) and bidirectional gated recurrent unit (BiGRU) integrated with Markov Chain Monte Carlo (MCMC) based bivariate copulas (BC). First, Ant Colony Optimization (ACO) algorithm was employed for screening optimal PV, and then significant antecedent streamflow was coupled with it to generate optimized input combinations. In addition, 25 different MCMC–BC models were adopted for each input combination to determine the dependency of previous month's streamflow on current and future streamflow. Finally, best-fitted MCMC–BC model was integrated with hybrid BILSTM–BiGRU model to predict streamflow at nine different catchments in the Victoria region of the Upper Murray Basin (UMB), Australia. The experimental results show that the multi-phase hybrid MCMC–BC–BiLSTM–BiGRU model showed remarkable performance in comparison to its benchmark counterparts with respect to different robust statistical error metrics. Therefore, this study demonstrates that stochastic DL techniques can be effectively employed as a promising alternative predictive tool for upstream discharge predictions with high consistency and accuracy, specifically when a statistically significant relationship with the antecedent streamflow exists. © The Author(s), under exclusive licence to Springer-Verlag GmbH Germany, part of Springer Nature 2023.",Include,Hidrologi (Aliran Sungai),MCMC based bivariate copulas (BC),BiLSTM,"Data di 9 tangkapan air hulu sungai Murray (UMB), Australia",Embedded/Hybrid (Copula disematkan pada evaluasi fitur MCMC $\rightarrow$ prediksi input oleh BiLSTM),"Model Deep Learning sering mengabaikan optimasi fitur, pemilihan prediktor awal, dan pengaruh probabilitas stokastiknya.",,,
Wang Y.; Sun Y.; Li Y.; Feng C.; Chen P.,"Wang, Yanwen (55540742600); Sun, Yanying (57216392366); Li, Yalong (55774735600); Feng, Chen (57217034612); Chen, Peng (57216250576)",Interval Forecasting Method of Aggregate Output for Multiple Wind Farms Using LSTM Networks and Time-Varying Regular Vine Copulas,10.3390/pr11051530,https://www.scopus.com/pages/publications/85160717633?origin=resultslist,"Interval forecasting has become a research hotspot in recent years because it provides richer uncertainty information on wind power output than spot forecasting. However, compared with studies on single wind farms, fewer studies exist for multiple wind farms. To determine the aggregate output of multiple wind farms, this paper proposes an interval forecasting method based on long short-term memory (LSTM) networks and copula theory. The method uses LSTM networks for spot forecasting firstly and then uses the forecasting error data generated by LSTM networks to model the conditional joint probability distribution of the forecasting errors for multiple wind farms through the time-varying regular vine copula (TVRVC) model, so as to obtain the probability interval of aggregate output for multiple wind farms under different confidence levels. The proposed method is applied to three adjacent wind farms in Northwest China and the results show that the forecasting intervals generated by the proposed method have high reliability with narrow widths. Moreover, comparing the proposed method with other four methods, the results show that the proposed method has better forecasting performance due to the consideration of the time-varying correlations among multiple wind farms and the use of a spot forecasting model with smaller errors. © 2023 by the authors.",Include,Energi (Tenaga Angin),Time-Varying Regular Vine Copulas (TVRVC),LSTM,3 Fasilitas Ladang Angin di Tiongkok Barat Laut,Pipeline / Interval (LSTM memprediksi target spot $\rightarrow$ Copula memodelkan residu/error LSTM),Studi terfokus hanya pada satu ladang angin; perlunya pemodelan interval untuk banyak ladang angin (time-varying correlations).,,,
Hu H.; Zheng T.; Zhao X.; Feng X.; Li J.; Zhu J.,"Hu, Hao (60518615200); Zheng, Tingting (57204600029); Zhao, Xuenan (59930314200); Feng, Xu (60121272300); Li, Jiangcheng (57876377000); Zhu, Jin (60121069100)",Short-term correlated probabilistic interval forecasting of wind-photovoltaic power based on improved ISODATA similar-day clustering and the IDBO-BiLSTM-copula method,10.1016/j.epsr.2026.113015,https://www.scopus.com/pages/publications/105033449710?origin=resultslist,"Wind power and photovoltaic (PV) generation are characterized by significant randomness and volatility, and improving their forecasting accuracy is crucial to the secure and efficient operation of power systems. Moreover, wind and PV outputs located within the same region exhibit notable spatiotemporal correlation patterns. To account for these characteristics, a short-term probabilistic interval forecasting model for correlated wind–PV power is proposed, integrating improved iterative self-organizing data analysis technique (ISODATA) similar-day clustering with an improved dung beetle optimization-bidirectional long short-term memory-Copula (IDBO-BiLSTM-Copula) framework. First, the improved ISODATA clustering algorithm is applied to numerical weather prediction (NWP) datasets to identify typical similar-day scenarios of joint wind-PV outputs using Kendall and Spearman correlation coefficients. Second, nonparametric kernel density estimation is employed to construct Copula models for different correlation scenarios, and the optimal Copula function for wind-PV outputs is selected for each similar day. Subsequently, BiLSTM networks enhanced by IDBO are trained to perform point forecasting for wind and PV power outputs independently. Finally, a Monte Carlo simulation is conducted to sample from the optimal Copula functions, generating correlation-aware probabilistic prediction intervals based on the point forecasts. Simulation results demonstrate that the proposed model effectively captures the correlation characteristics of wind-PV outputs and achieves higher forecasting accuracy compared with existing models, thereby validating its effectiveness. © 2026",Include,Energi (Angin & Fotovoltaik),Optimal Copula (Nonparametric kernel density),BiLSTM (IDBO-BiLSTM),Numerical Weather Prediction (NWP) datasets,Pipeline / Interval (Clustering $\rightarrow$ BiLSTM prediksi point $\rightarrow$ Copula untuk simulasi Monte Carlo),Tingginya tingkat acak/volatilitas cuaca sehingga perlu metode untuk menangkap korelasi pola spasio-temporal keluaran PV-Angin.,,,
Shoko C.; Moroke N.; Makatjane K.,"Shoko, Claris (57200319534); Moroke, Ntebogang (56004632700); Makatjane, Katleho (57194244019)",A deep learning framework for modeling temporal dependencies and hierarchies in hourly electricity demand load,10.4018/979-8-3693-2355-7.ch003,https://www.scopus.com/pages/publications/85195011155?origin=resultslist,"The limitations of traditional deep learning models in processing vast volumes of data and modelling complicated temporal dependencies make it difficult to effectively satisfy these objectives for short-term load forecasting (STLF). This chapter utilises deep learning, which enables the following: k-means clustering to comprehend hourly electricity demand load trend, extraction of complex features with nonlinear interactions that impact electricity demand load, handling of long-term dependencies through the modelling of temporal hierarchies in the time series data via long short-term memory, and recurrent neural network to capture dependencies across time steps. The performance of the state-of-the-art hourly demand forecast models with the k-means variant is compared with that of the RNN-LSTM-CNN-copula. Furthermore, it is noted that RNN-LSTM-CNN-copula is a viable deep learning model for energy consumption forecast problems because of its capacity to learn the spatio-temporal dependencies in the hourly electrical demand load data, which results in an accurate energy demand forecast. © 2024, IGI Global. All rights reserved.",Include,Energi (Beban Listrik),Copula,LSTM (RNN-LSTM-CNN-Copula),Data beban tagihan listrik historis per jam,Hybrid Lanjutan (Kombinasi layer RNN-LSTM-CNN-Copula),Keterbatasan DL konvensional dalam memodelkan interaksi hierarki/dependensi temporal non-linear pada data besar.,,,
Wei X.; Wu X.; Zhang H.; Lan T.; Cheng C.; Wu Y.; Aggidis G.,"Wei, Xingchen (57216309924); Wu, Xinyu (36086770400); Zhang, Hongbo (43262186500); Lan, Tian (57220645096); Cheng, Chuntian (7404796475); Wu, Yanrui (57219727221); Aggidis, George (9338335100)",A framework for drought monitoring and assessment from a drought propagation perspective under non-stationary environments,10.1016/j.scitotenv.2024.175981,https://www.scopus.com/pages/publications/85203432159?origin=resultslist,"According to the coupled influence of climate variation and anthropogenic activities, hydro-meteorological variables are hard to keep stationary in a changing environment. Consequently, the efficacy of traditional standardized drought indices, predicated upon the assumption of stationarity, has been called into question. In China, the challenge of drought monitoring and declaration is exacerbated by the need for multiple drought indices covering meteorological, agricultural, hydrological, and groundwater aspects, often lacking real-time availability. To address these challenges, we developed a framework for drought monitoring and assessment from a drought propagation perspective. Central to this is the Nonstationary Integrated Drought Index (NIDI), which integrates responses from meteorological, agricultural, hydrological, and groundwater droughts, accounting for climate change and anthropogenic influences. First, we analyse the process of drought propagation to select the suitable time scale standardized drought index. Subsequently, significant large-scale climatic indices are selected through linear and nonlinear correlation analyses to identify climate anomalies. Anthropogenic influences are assessed using indicators such as the Normalized Difference Vegetation Index (NDVI), Impervious Surface Ratio (ISR), and population density (POP). Nonstationary probability models are then developed for precipitation, soil moisture, runoff, and groundwater series, incorporating climatic and human-induced factors. Finally, the NIDI is calculated using a D-vine copula model, with parameter estimation and updating facilitated by a genetic algorithm, representing the temporal dependence structure among the variables. A case study in the Hulu River Basin of western China validated the NIDI. Results showed that the NIDI effectively accounts for nonstationary hydro-meteorological variables due to climate change and human activities, accurately reproducing their time-dependent structure. Compared to conventional indices like SPI, SSI, SRI, and SGI, the NIDI identifies more extreme drought events. In conclusion, the presented NIDI offers a more comprehensive approach to drought identification, providing valuable insights for accurate drought detection and effective drought-related policy-making. © 2024 Elsevier B.V.",Exclude,-,D-vine copula,Tidak Ada (Hanya Algoritma Genetik dan Copula),"DAS Hulu (Hulu River Basin), Tiongkok bagian barat",-,(Ditolak berdasar kriteria inklusi No.1: Tidak mengintegrasikan LSTM di dalamnya),,,
Chen Z.; Gong Q.; Li Y.; Yang F.; Xu Z.,"Chen, Zhe (58845445400); Gong, Qi (57211206991); Li, Yonghua (37665397000); Yang, Fan (60567658500); Xu, Zhen (60568328900)",Remaining Useful Life Prediction Method Based on an Improved Wiener Process Considering Multiple Performance Indicators Correlations,10.1002/qre.70204,https://www.scopus.com/pages/publications/105035212367?origin=resultslist,"To improve the accuracy of remaining useful life (RUL) prediction under complex multi-indicator dependencies, this paper proposes an RUL prediction method that integrates multi-indicator correlation modeling with an enhanced Wiener process. Kendall rank correlation is used to identify key performance indicators that are highly related to equipment lifespan, thereby reducing the influence of redundant variables on dependency modeling. C-Vine Copula model is employed to jointly model higher-order dependencies among multiple degradation features, with the optimal Copula type for each pair of indicators automatically selected based on the AIC criterion, enabling flexible characterization of complex nonlinear and asymmetric interdependencies. Based on the joint modeling results, principal component analysis is used to fuse high-dimensional health indicators, extracting a comprehensive indicator that effectively reflects the overall health condition of the equipment. In degradation modeling, machine learning methods are introduced by employing long short-term memory networks to adaptively fit the drift coefficient, and the Wiener process is used to characterize prediction uncertainty, thereby enabling dynamic modeling of the fused health indicator degradation trajectory and probabilistic prediction of the remaining useful life. © 2026 John Wiley & Sons Ltd.",Include,Keandalan Mesin (Reliability Engineering),C-Vine Copula (Ketergantungan order tinggi),LSTM,Data Indikator Fitur Degradasi / Kesehatan Mesin,Pipeline (Copula merekonstruksi fusi indikator komprehensif $\rightarrow$ LSTM menyesuaikan drift proses),Perlunya menangani redundansi fitur dan kebergantungan metrik evaluasi umur sisa yang asimetris/non-linier.,,,
,,"22nd Pacific-Asia Conference on Advances in Knowledge Discovery and Data Mining, PAKDD 2018",,https://www.scopus.com/pages/publications/85049373584?origin=resultslist,The proceedings contain 64 papers. The special focus in this conference is on Advances in Knowledge Discovery and Data Mining. The topics include: Automatic Chinese reading comprehension grading by LSTM with knowledge adaptation; data mining with algorithmic transparency; cost-sensitive reference pair encoding for multi-label learning; Fuzzy integral optimization with deep Q-network for EEG-based intention recognition; heterogeneous domain adaptation based on class decomposition schemes; a deep neural spoiler detection model using a genre-aware attention mechanism; robust semi-supervised learning on multiple networks with noise; ε -distance weighted support vector regression; corrosion prediction on sewer networks with sparse monitoring sites: A case study; CAPED: Context-aware powerlet-based energy disaggregation; social stream classification with emerging new labels; rolling forecasting forward by boosting heterogeneous kernels; IDLP: A novel label propagation framework for disease gene prioritization; deep learning for forecasting stock returns in the cross-section; vine copula-based asymmetry and tail dependence modeling; detecting forged alcohol non-invasively through vibrational spectroscopy and machine learning; research and application of mapping relationship based on learning attention mechanism; Human identification via unsupervised feature learning from UWB radar data; prescriptive analytics through constrained bayesian optimization; neighborhood constraint matrix completion for drug-target interaction prediction; detecting hypopnea and obstructive apnea events using convolutional neural networks on wavelet spectrograms of nasal airflow; exploiting anti-monotonicity of multi-label evaluation measures for inducing multi-label rules; deep ensemble classifiers and peer effects analysis for churn forecasting in retail banking; GBTM: Graph based troubleshooting method for handling customer cases using storage system log; learning treatment regimens from electronic medical records.,Exclude,-,Vine copula (pada satu paper yang berbeda),LSTM (pada satu paper yang berbeda),-,-,(Ditolak berdasar kriteria inklusi No.1: Ini merupakan rangkuman Prosiding. Studi LSTM dan Copula tidak terintegrasi di 1 riset),,,
,,,,,,89,,,,,,,,,
,,,,,,57,,,,,,,,,